USE shc_portal
GO

----------------      shc_package_type_lk           --------------------------------------
delete from  shc_portal.shc_portal.shc_package_type_lk where id > 0
GO

SET IDENTITY_INSERT shc_portal.shc_package_type_lk ON;
GO
INSERT INTO shc_portal.shc_portal.shc_package_type_lk (id, code, lang, label, creation_date) VALUES (6, 'INTERNAL_HAJJ', 'en', 'INTERNAL_HAJJ', GETDATE());
INSERT INTO shc_portal.shc_portal.shc_package_type_lk (id, code, lang, label, creation_date) VALUES (7, 'INTERNAL_HAJJ', 'ar', 'حج داخلي', GETDATE());
INSERT INTO shc_portal.shc_portal.shc_package_type_lk (id, code, lang, label, creation_date) VALUES (8, 'EXTERNAL_HAJJ', 'en', 'EXTERNAL HAJJ', GETDATE());
INSERT INTO shc_portal.shc_portal.shc_package_type_lk (id, code, lang, label, creation_date) VALUES (9, 'EXTERNAL_UMRAH', 'en', 'EXTERNAL UMRAH', GETDATE());
INSERT INTO shc_portal.shc_portal.shc_package_type_lk (id, code, lang, label, creation_date) VALUES (10, 'INTERNAL_UMRAH', 'en', 'INTERNAL UMRAH', GETDATE());
INSERT INTO shc_portal.shc_portal.shc_package_type_lk (id, code, lang, label, creation_date) VALUES (11, 'COURTESY_HAJJ', 'en', 'COURTESY HAJJ', GETDATE());
INSERT INTO shc_portal.shc_portal.shc_package_type_lk (id, code, lang, label, creation_date) VALUES (12, 'EXTERNAL_HAJJ', 'ar', N'حج خارجى', GETDATE());
INSERT INTO shc_portal.shc_portal.shc_package_type_lk (id, code, lang, label, creation_date) VALUES (13, 'EXTERNAL_UMRAH', 'ar', N'عمره خارجية', GETDATE());
INSERT INTO shc_portal.shc_portal.shc_package_type_lk (id, code, lang, label, creation_date) VALUES (14, 'INTERNAL_UMRAH', 'ar', N'عمره داخليه', GETDATE());
INSERT INTO shc_portal.shc_portal.shc_package_type_lk (id, code, lang, label, creation_date) VALUES (15, 'COURTESY_HAJJ', 'ar', N'حج موسمي', GETDATE());
SET IDENTITY_INSERT shc_portal.shc_package_type_lk OFF;
GO

----------------      shc_housing_category_lk           --------------------------------------
SET IDENTITY_INSERT shc_portal.shc_housing_category_lk ON;
INSERT INTO shc_portal.shc_housing_category_lk (id, code, lang, label, type_code, creation_date)
VALUES (3, N'A', N'en', N'A', null, GETDATE());
INSERT INTO shc_portal.shc_housing_category_lk (id, code, lang, label, type_code, creation_date)
VALUES (4, N'A', N'ar', N'أ', null, GETDATE());
SET IDENTITY_INSERT shc_portal.shc_housing_category_lk OFF;
GO

----------------      shc_housing_type_lk           --------------------------------------
SET IDENTITY_INSERT shc_portal.shc_housing_type_lk ON;
INSERT INTO shc_portal.shc_housing_type_lk (id, code, lang, label)
VALUES (1, 'HOTEL', 'en', 'Hotel');
INSERT INTO shc_portal.shc_housing_type_lk (id, code, lang, label)
VALUES (2, 'HOTEL', 'ar', N'فندق');
INSERT INTO shc_portal.shc_housing_type_lk(id, code, label, lang)
VALUES (3, 'CAMP', 'Camp', 'en');
INSERT INTO shc_portal.shc_housing_type_lk(id, code, label, lang)
VALUES (4, 'CAMP', N'مخيم', 'ar');
INSERT INTO shc_portal.shc_housing_type_lk(id, code, label, lang)
VALUES (5, 'APARTMENT', 'Apartment', 'en');
INSERT INTO shc_portal.shc_housing_type_lk(id, code, label, lang)
VALUES (6, 'APARTMENT', N'شقق فندقية', 'ar');
SET IDENTITY_INSERT shc_portal.shc_housing_type_lk OFF;
GO

----------------      shc_housing_zone           --------------------------------------
delete from  shc_portal.shc_portal.shc_housing_zone where id > 0
    GO
SET IDENTITY_INSERT shc_portal.shc_housing_zone ON;
GO
INSERT INTO shc_portal.shc_portal.shc_housing_zone (id, label_ar, label_en, color) VALUES (1, N'مكة', N'Macka', N'red');
SET IDENTITY_INSERT shc_portal.shc_housing_zone OFF;
GO

----------------      shc_transportation_type_lk           --------------------------------------
SET IDENTITY_INSERT shc_portal.shc_transportation_type_lk ON;
INSERT INTO shc_portal.shc_transportation_type_lk (id, code, lang, label) VALUES (1, 'CAR', 'ar', N'سيارة');
INSERT INTO shc_portal.shc_transportation_type_lk (id, code, lang, label) VALUES (2, 'CAR', 'en', 'Car');
INSERT INTO shc_portal.shc_transportation_type_lk (id, code, lang, label) VALUES (3, 'BUS', 'ar', N'باص');
INSERT INTO shc_portal.shc_transportation_type_lk (id, code, lang, label) VALUES (4, 'BUS', 'en', 'Bus');
INSERT INTO shc_portal.shc_transportation_type_lk (id, code, lang, label) VALUES (5, 'TRAIN', 'ar', N'قطار');
INSERT INTO shc_portal.shc_transportation_type_lk (id, code, lang, label) VALUES (6, 'TRAIN', 'en', 'Train');
INSERT INTO shc_portal.shc_transportation_type_lk (id, code, lang, label) VALUES (7, 'AIRPLANE', 'ar', N'طائرة');
INSERT INTO shc_portal.shc_transportation_type_lk (id, code, lang, label) VALUES (8, 'AIRPLANE', 'en', 'AirPlane');
SET IDENTITY_INSERT shc_portal.shc_transportation_type_lk OFF;
GO

----------------      shc_company_ritual_step_lk           --------------------------------------
SET IDENTITY_INSERT shc_portal.shc_company_ritual_step_lk ON;
INSERT INTO shc_portal.shc_company_ritual_step_lk (id, code, lang, label, description, creation_date)
VALUES (1, 'ARRIVE_TO_KSA', 'ar', N'القدوم إلى المملكة', '', GETDATE());
INSERT INTO shc_portal.shc_company_ritual_step_lk (id, code, lang, label, description, creation_date)
VALUES (2, 'ARRIVE_TO_KSA', 'en', 'Arrive to KSA', '', GETDATE());
INSERT INTO shc_portal.shc_company_ritual_step_lk (id, code, lang, label, description, creation_date)
VALUES (3, 'HOTEL', 'ar', N'الذهاب إلي الفندق', '', GETDATE());
INSERT INTO shc_portal.shc_company_ritual_step_lk (id, code, lang, label, description, creation_date)
VALUES (4, 'HOTEL', 'en', 'Go to Hotel', '', GETDATE());
INSERT INTO shc_portal.shc_company_ritual_step_lk (id, code, lang, label, description, creation_date)
VALUES (5, 'FOR_UMRAH', 'ar', N'الذهاب إلى الحرم للطواف والسعي لأداء العمرة', '', GETDATE());
INSERT INTO shc_portal.shc_company_ritual_step_lk (id, code, lang, label, description, creation_date)
VALUES (6, N'FOR_UMRAH', 'en', 'Go to Haram for Umrah', '', GETDATE());
INSERT INTO shc_portal.shc_company_ritual_step_lk (id, code, lang, label, description, creation_date)
VALUES (7, 'FOR_MADINA', 'ar', N'الذهاب إلى المدينة للزيارة', '', GETDATE());
INSERT INTO shc_portal.shc_company_ritual_step_lk (id, code, lang, label, description, creation_date)
VALUES (8, 'FOR_MADINA', 'en', 'Go to visit Madina', '', GETDATE());
SET IDENTITY_INSERT shc_portal.shc_company_ritual_step_lk OFF;
GO

----------------      shc_company_staff_title_lk           --------------------------------------
SET IDENTITY_INSERT shc_portal.shc_company_staff_title_lk ON;
INSERT INTO shc_portal.shc_portal.shc_company_staff_title_lk (id, code, lang, label) VALUES (1, 'GROUP_LEADER', 'en', 'Group Leader ');
INSERT INTO shc_portal.shc_portal.shc_company_staff_title_lk (id, code, lang, label) VALUES (2, 'GROUP_LEADER', 'ar', N'قائد مجموعة');
INSERT INTO shc_portal.shc_portal.shc_company_staff_title_lk (id, code, lang, label) VALUES (3, 'GROUP_DOCTOR', 'en', 'Group Doctor ');
INSERT INTO shc_portal.shc_portal.shc_company_staff_title_lk (id, code, lang, label) VALUES (4, 'GROUP_DOCTOR', 'ar', N'طبيب مجموعة');
INSERT INTO shc_portal.shc_portal.shc_company_staff_title_lk (id, code, lang, label) VALUES (5, 'GROUP_IMAM', 'en', 'Group Imam');
INSERT INTO shc_portal.shc_portal.shc_company_staff_title_lk (id, code, lang, label) VALUES (6, 'GROUP_IMAM', 'ar', N'امام مجموعة');
SET IDENTITY_INSERT shc_portal.shc_company_staff_title_lk OFF;
GO

----------------      shc_company           --------------------------------------
Delete FROM shc_portal.shc_portal.shc_company WHERE ID > 0;
GO
SET IDENTITY_INSERT shc_portal.shc_portal.shc_company ON;
INSERT INTO shc_portal.shc_portal.shc_company (id, code, label_ar, label_en, mission_id, contact_number, website, accreditation_organization, accreditation_number, accreditation_date, accreditation_expiry, email, creation_date, update_date) VALUES (1, N'ELMINHAJJ43', N'علم حجاج الداخل43', N'ELM INTERNAL HAJJ43', 11, N'45567788', null, N'test', N'3445667', GETDATE() - 10, GETDATE() + 100, null, GETDATE(), null);
INSERT INTO shc_portal.shc_portal.shc_company (id, code, label_ar, label_en, mission_id, contact_number, website, accreditation_organization, accreditation_number, accreditation_date, accreditation_expiry, email, creation_date, update_date) VALUES (2, N'ELMEXHAJJ43', N'علم حجاج الخارج43', N'ELM EXTERNAL HAJJ43', 12, N'45567788', null, N'test', N'3445667', GETDATE() - 10, GETDATE() + 100, null, GETDATE(), null);
INSERT INTO shc_portal.shc_portal.shc_company (id, code, label_ar, label_en, mission_id, contact_number, website, accreditation_organization, accreditation_number, accreditation_date, accreditation_expiry, email, creation_date, update_date) VALUES (3, N'ELMEXUMRAH43', N'علم عمرة الخارج43', N'ELM EXTERNAL UMRAH43', 13, N'45567788', null, N'test', N'3445667', GETDATE() - 10, GETDATE() + 100, null, GETDATE(), null);
INSERT INTO shc_portal.shc_portal.shc_company (id, code, label_ar, label_en, mission_id, contact_number, website, accreditation_organization, accreditation_number, accreditation_date, accreditation_expiry, email, creation_date, update_date) VALUES (4, N'ELMINUMRAH43', N'علم عمرة الداخل43', N'ELM INTERNAL UMRAH43', 14, N'45567788', null, N'test', N'3445667', GETDATE() - 10, GETDATE() + 100, null, GETDATE(), null);
INSERT INTO shc_portal.shc_portal.shc_company (id, code, label_ar, label_en, mission_id, contact_number, website, accreditation_organization, accreditation_number, accreditation_date, accreditation_expiry, email, creation_date, update_date) VALUES (5, N'ELMCOHAJJ43', N'علم حجاج المجاملة43', N'ELM COURTESY HAJJ43', 15, N'45567788', null, N'test', N'3445667', GETDATE() - 10, GETDATE() + 100, null, GETDATE(), null);
INSERT INTO shc_portal.shc_portal.shc_company (id, code, label_ar, label_en, mission_id, contact_number, website, accreditation_organization, accreditation_number, accreditation_date, accreditation_expiry, email, creation_date, update_date) VALUES (6, N'ELMINHAJJ42', N'علم حجاج الداخل42', N'ELM INTERNAL HAJJ42', 16, N'45567788', null, N'test', N'3445667',  dateadd(yy, -1, getdate() -10),  dateadd(yy, -1, getdate() + 100), null, GETDATE(), null);
INSERT INTO shc_portal.shc_portal.shc_company (id, code, label_ar, label_en, mission_id, contact_number, website, accreditation_organization, accreditation_number, accreditation_date, accreditation_expiry, email, creation_date, update_date) VALUES (7, N'ELMEXHAJJ42', N'علم حجاج الخارج42', N'ELM EXTERNAL HAJJ42', 17, N'45567788', null, N'test', N'3445667',  dateadd(yy, -1, getdate() -10),  dateadd(yy, -1, getdate() + 100), null, GETDATE(), null);
INSERT INTO shc_portal.shc_portal.shc_company (id, code, label_ar, label_en, mission_id, contact_number, website, accreditation_organization, accreditation_number, accreditation_date, accreditation_expiry, email, creation_date, update_date) VALUES (8, N'ELMEXUMRAH42', N'علم عمرة الخارج42', N'ELM EXTERNAL UMRAH42', 18, N'45567788', null, N'test', N'3445667',  dateadd(yy, -1, getdate() -10),  dateadd(yy, -1, getdate() + 100), null, GETDATE(), null);
INSERT INTO shc_portal.shc_portal.shc_company (id, code, label_ar, label_en, mission_id, contact_number, website, accreditation_organization, accreditation_number, accreditation_date, accreditation_expiry, email, creation_date, update_date) VALUES (9, N'ELMINUMRAH42', N'علم عمرة الداخل42', N'ELM INTERNAL UMRAH42', 19, N'45567788', null, N'test', N'3445667',  dateadd(yy, -1, getdate() -10),  dateadd(yy, -1, getdate() + 100), null, GETDATE(), null);
INSERT INTO shc_portal.shc_portal.shc_company (id, code, label_ar, label_en, mission_id, contact_number, website, accreditation_organization, accreditation_number, accreditation_date, accreditation_expiry, email, creation_date, update_date) VALUES (10, N'ELMCOHAJJ42', N'علم حجاج المجاملة42', N'ELM COURTESY HAJJ42', 20, N'45567788', null, N'test', N'3445667',  dateadd(yy, -1, getdate() -10),  dateadd(yy, -1, getdate() + 100), null, GETDATE(), null);
SET IDENTITY_INSERT shc_portal.shc_portal.shc_company OFF;
GO

----------------      shc_ritual_season           --------------------------------------
Delete FROM shc_portal.shc_portal.shc_ritual_season WHERE ID > 0;
GO
SET IDENTITY_INSERT shc_portal.shc_portal.shc_ritual_season ON;
INSERT INTO shc_portal.shc_portal.shc_ritual_season (id, season_year, ritual_type_code, season_start, season_end, active) VALUES (2, 1443, N'INTERNAL_HAJJ', 14430210, 14431210, 1);
INSERT INTO shc_portal.shc_portal.shc_ritual_season (id, season_year, ritual_type_code, season_start, season_end, active) VALUES (3, 1443, N'EXTERNAL_HAJJ', 14430210, 14431210, 1);
INSERT INTO shc_portal.shc_portal.shc_ritual_season (id, season_year, ritual_type_code, season_start, season_end, active) VALUES (4, 1443, N'EXTERNAL_UMRAH', 14430210, 14431210, 1);
INSERT INTO shc_portal.shc_portal.shc_ritual_season (id, season_year, ritual_type_code, season_start, season_end, active) VALUES (5, 1443, N'INTERNAL_UMRAH', 14430210, 14431210, 1);
INSERT INTO shc_portal.shc_portal.shc_ritual_season (id, season_year, ritual_type_code, season_start, season_end, active) VALUES (6, 1443, N'COURTESY_HAJJ', 14430210, 14431210, 1);
INSERT INTO shc_portal.shc_portal.shc_ritual_season (id, season_year, ritual_type_code, season_start, season_end, active) VALUES (7, 1442, N'INTERNAL_HAJJ', 14420210, 14421210, 1);
INSERT INTO shc_portal.shc_portal.shc_ritual_season (id, season_year, ritual_type_code, season_start, season_end, active) VALUES (8, 1442, N'EXTERNAL_HAJJ', 14420210, 14421210, 1);
INSERT INTO shc_portal.shc_portal.shc_ritual_season (id, season_year, ritual_type_code, season_start, season_end, active) VALUES (9, 1442, N'EXTERNAL_UMRAH', 14420210, 14421210, 1);
INSERT INTO shc_portal.shc_portal.shc_ritual_season (id, season_year, ritual_type_code, season_start, season_end, active) VALUES (10, 1442, N'INTERNAL_UMRAH', 14420210, 14421210, 1);
INSERT INTO shc_portal.shc_portal.shc_ritual_season (id, season_year, ritual_type_code, season_start, season_end, active) VALUES (11, 1442, N'COURTESY_HAJJ', 14420210, 14421210, 1);
SET IDENTITY_INSERT shc_portal.shc_portal.shc_ritual_season OFF;
GO

----------------      shc_company_ritual_season           --------------------------------------
Delete FROM shc_portal.shc_portal.shc_company_ritual_season WHERE ID > 0;
GO
SET IDENTITY_INSERT shc_portal.shc_portal.shc_company_ritual_season ON;
INSERT INTO shc_portal.shc_portal.shc_company_ritual_season (id, company_id, ritual_season_id, active, season_start, season_end, total_quota, air_quota, sea_quota, land_quota, creation_date, update_date) VALUES (1, 1, 2, 1, 14430210, 14431210, 1, 1, 1, 1, GETDATE(), null);
INSERT INTO shc_portal.shc_portal.shc_company_ritual_season (id, company_id, ritual_season_id, active, season_start, season_end, total_quota, air_quota, sea_quota, land_quota, creation_date, update_date) VALUES (2, 2, 3, 1, 14430210, 14431210, 1, 1, 1, 1, GETDATE(), null);
INSERT INTO shc_portal.shc_portal.shc_company_ritual_season (id, company_id, ritual_season_id, active, season_start, season_end, total_quota, air_quota, sea_quota, land_quota, creation_date, update_date) VALUES (3, 3, 4, 1, 14430210, 14431210, 1, 1, 1, 1, GETDATE(), null);
INSERT INTO shc_portal.shc_portal.shc_company_ritual_season (id, company_id, ritual_season_id, active, season_start, season_end, total_quota, air_quota, sea_quota, land_quota, creation_date, update_date) VALUES (4, 4, 5, 1, 14430210, 14431210, 1, 1, 1, 1, GETDATE(), null);
INSERT INTO shc_portal.shc_portal.shc_company_ritual_season (id, company_id, ritual_season_id, active, season_start, season_end, total_quota, air_quota, sea_quota, land_quota, creation_date, update_date) VALUES (5, 5, 6, 1, 14430210, 14431210, 1, 1, 1, 1, GETDATE(), null);
INSERT INTO shc_portal.shc_portal.shc_company_ritual_season (id, company_id, ritual_season_id, active, season_start, season_end, total_quota, air_quota, sea_quota, land_quota, creation_date, update_date) VALUES (6, 6, 7, 1, 14420210, 14421210, 1, 1, 1, 1, GETDATE(), null);
INSERT INTO shc_portal.shc_portal.shc_company_ritual_season (id, company_id, ritual_season_id, active, season_start, season_end, total_quota, air_quota, sea_quota, land_quota, creation_date, update_date) VALUES (7, 7, 8, 1, 14420210, 14421210, 1, 1, 1, 1, GETDATE(), null);
INSERT INTO shc_portal.shc_portal.shc_company_ritual_season (id, company_id, ritual_season_id, active, season_start, season_end, total_quota, air_quota, sea_quota, land_quota, creation_date, update_date) VALUES (8, 8, 9, 1, 14420210, 14421210, 1, 1, 1, 1, GETDATE(), null);
INSERT INTO shc_portal.shc_portal.shc_company_ritual_season (id, company_id, ritual_season_id, active, season_start, season_end, total_quota, air_quota, sea_quota, land_quota, creation_date, update_date) VALUES (9, 9, 10, 1, 14420210, 14421210, 1, 1, 1, 1, GETDATE(), null);
INSERT INTO shc_portal.shc_portal.shc_company_ritual_season (id, company_id, ritual_season_id, active, season_start, season_end, total_quota, air_quota, sea_quota, land_quota, creation_date, update_date) VALUES (10, 10, 11, 1, 14420210, 14421210, 1, 1, 1, 1, GETDATE(), null);
SET IDENTITY_INSERT shc_portal.shc_portal.shc_company_ritual_season OFF;
GO


----------------      shc_company_staff           --------------------------------------
Delete FROM shc_portal.shc_portal.shc_company_staff WHERE ID > 0;
GO
SET IDENTITY_INSERT shc_portal.shc_portal.shc_company_staff ON;
INSERT INTO shc_portal.shc_portal.shc_company_staff (id, full_name_ar, full_name_en, title_code, mobile_number, email, creation_date, update_date, id_number_original, gender, date_of_birth_hijri, date_of_birth_gregorian, passport_number, nationality_code, full_name_origin, photo, mobile_number_intl, data_request_record_id, id_number, registered, country_code) VALUES (1, N'احمد عبدالغني السيد', N'Ahmed Abdelghany Elsayed', N'GROUP_LEADER', N'54321678', N'aelsayed@elm.sa', GETDATE(), null, N'28502111998', N'M', 14101010, N'1990-01-01', N'A123456789', N'EG', N'احمد عبدالغني السيد', N'/9j/4AAQSkZJRgABAAEASABIAAD//gAfTEVBRCBUZWNobm9sb2dpZXMgSW5jLiBWMS4wMQD/2wCEAAUFBQgFCAwHBwwMCQkJDA0MDAwMDQ0NDQ0NDQ0NDQ0NDQ0NDQ0NDQ0NDQ0NDQ0NDQ0NDQ0NDQ0NDQ0NDQ0NDQ0BBQgICgcKDAcHDA0MCgwNDQ0NDQ0NDQ0NDQ0NDQ0NDQ0NDQ0NDQ0NDQ0NDQ0NDQ0NDQ0NDQ0NDQ0NDQ0NDQ0NDf/EAaIAAAEFAQEBAQEBAAAAAAAAAAABAgMEBQYHCAkKCwEAAwEBAQEBAQEBAQAAAAAAAAECAwQFBgcICQoLEAACAQMDAgQDBQUEBAAAAX0BAgMABBEFEiExQQYTUWEHInEUMoGRoQgjQrHBFVLR8CQzYnKCCQoWFxgZGiUmJygpKjQ1Njc4OTpDREVGR0hJSlNUVVZXWFlaY2RlZmdoaWpzdHV2d3h5eoOEhYaHiImKkpOUlZaXmJmaoqOkpaanqKmqsrO0tba3uLm6wsPExcbHyMnK0tPU1dbX2Nna4eLj5OXm5+jp6vHy8/T19vf4+foRAAIBAgQEAwQHBQQEAAECdwABAgMRBAUhMQYSQVEHYXETIjKBCBRCkaGxwQkjM1LwFWJy0QoWJDThJfEXGBkaJicoKSo1Njc4OTpDREVGR0hJSlNUVVZXWFlaY2RlZmdoaWpzdHV2d3h5eoKDhIWGh4iJipKTlJWWl5iZmqKjpKWmp6ipqrKztLW2t7i5usLDxMXGx8jJytLT1NXW19jZ2uLj5OXm5+jp6vLz9PX29/j5+v/AABEIAGwATwMBEQACEQEDEQH/2gAMAwEAAhEDEQA/APbdWkvGMS2JljPmIHKpG8bLI2xxISwki8pMypKuFD7Qd33DlBR+15+q9O/axtbRtWuujdv69NzobcMIQrgqVyo3NvYhSVVmYdWYAM3+0TnmpkknaLuu9rev3PQzT7q3kQOApAOBuzgHvgZOB345OO3PSsjQggtEgUxoMKSxx0xu64xjH4fzpFbGfa2Is52UI3zl2WRpC55VFIOT2CKACCQAPmJyTTk2uXp2t6/5sNG+a1n5afhsRXs0kMyQxKG8zduJVyVABbKgAK4wrKw3qQzJ1BwVGClu7eui/wCB/wAOU7pX6eX+W5LdrACpkCKFyQX28EqcgZ/i27s45xu7ZrK3RDRx974A0q8mF9DELacAsHi+VDuH3mj+4Tg8EBT71lKF1YtS5Xc5XxdoOoGBYbJPOjXAYIQH2oBtG0kE5OWbbnkDiohHkevyKk77Hj8tu9s2yZWiYdQ6lT+RANbGZ9ofZkuBskztPoSD+nX6HI9q69jnLNvbNax7GJb5iRk/w9h6D8APXryRknKm1Sz1Jp5ZFR5hHjaj8kFgxIdmRHePy4i0QBZFO7GQBfMuXltffrtf03V9bPqW+nK2rbrR/c99fwOlmlW1Xe4YjIB2jcQD/EQOdo/iIzj0rJR5nZbj2LQXeoP9QcHuMjjg8HFJq2jC5m39n9oTZllI5Ug4wexI6H8RU7FGVf6b9piQMDKYmR9uVwxjZWyS4JByvDKQ2CwzyacXyu6/q5XRr/h0StIyWu9VbIXhTuc56DdjLkZ5bGW25wMioer6fLRAl0X4nNafdz3sIluU8p2AbaOg3D7oz8+V6kuqN823b8pJiaUfhd/66/8AAuWuqatb0/QzruW2upTayeXM6/ejYK5TgMC4IOzIIKlsbugyazs1qWdnYancXFy6bVMETIFMQcllmGU83zFUxNCqlpAud28DC4Ab1eRJXuk7PR6bdu9+hxSvFpNP9PvOtk5ArERTkjjuBtOGCP2Odrr29mB6jqO9LYomFus2NwBKnIJGcH29P85zSWmw722LYjwMen4U2JGMqsszh33ZJwp6hRjaBjC8ZYk43HIBPyinLlsrJ3/Dz8+34lemw1bhTKYQCNvU9QSRkYxn0bO7bjA4O4VPI7c3Qe2hBfEIhLYVe5PA545PbPSsWUjkYLCKyd2hG0PjK84GPTJOM9SKyNNjnb/T3iuDcRRpMH2gh2dmG3zCMZOAuZG4B7+gAFqTSsnZf1/kNpOzaWh6ne2skrCSGRlYEfLkbcDrjpg/XNdhxl2eH7ZC0LbSrAhgy71Ze6lQQefY59KFo7jTSev+RkQ3MOk2jBmcCBEB8zj7q4LAHnLnLHJYnuac5J62StfbzEk72Tbv3OW0b4jWt3ftZEFR8ux/mwSSQQwKgDkEqVZsjnjisYyhJfEk9dH19DaVOUeh6u0kccbTSMscaKXZ2IVVVRlmZjgKoHJJIAFXYyOFsvHnh3WL0WFlewy3bZVEw6eZ6iNnRVkOOQFJJH3c1PoXZx3VjpHgPmbwxA7r2NIDifF9sXMM4DyCAudse0EBkYFsk8gEq+3Y/wA0asNpHJzcvRP1K3VtU+6ZXuJnS2MsKlpNmUUgsckcbwpDEf3tpz6VhbXXT8DVdvzM61mluIRJOFVzgkKysBuUNtG3+4SUy3zNt3EDOA5JJ+67r0t/XclN9Vb8fyO60q7kvohJIpQsFkX5SoCSjeiA5O9o1IWRxhS/KjFd8ocnVPfZ320/HocSlfZNW7qxsrKkWFLAMRkL1YgkLkKPmIyQCQMDvUWLPPPiXO0NqsS8bz8x6ZA7e9cdd2jY6qC96/Y8b0TSP7Y1K3jQsrK4YkE4CqckY6c9M1xUk3JJHZUajFtnr/xe1GS30OOxiGEvZ1ilOcHZEvnbOnIlZArf7II5zXpTfKtDjoQU52b21t3PCdCzdxqXh3Ss7+XJwRHIhBjkz95cMflxyCO3SvNtaV4u23ke9bmg1KN/i7O1l+B9cQSl48swZl+8cEc4G7OffJ44AIAAxXqyt9nQ+aRyo1MajJIioypGzIHyGDFdpJDLlQpV0IBYPu3qUGwkzKNlfT9fu36ehez5Xe/o/wDhipLJFGfLkZRvwApIy247QNvUgkhemMnBrOxRV+yQ2oIhUJvbcQOB0xwOw9qljOt06ylsnYNK00ZAC7zyD057dOAa7jkNO9CWkL3TruESMxyQNqhSDg8NyCeN3JNUpOGq0/q491y2/O58x+KPF8+vktgRQgYjjBwVXoCWIPIHPTHbmvGqTdSXlf8Ar7z1acFTXmecaJ40vPDtz9ohCTOuQd5OHPrldvYAfKAOMgcmu2EFB80dPI5ZvmXK++5p+IfiDq3j1UsZlggEDiWJIlbc8gDAksxZiAh2lRtHzZOTirm9NduoqStK0d+h13gO8stH1OGDVpY7MRKG27xIGmdxsErjCwL/ABnccnaA23I3csIpvmfTbSx31qsox9nFWutdbu3/AAfvPqQFWXemCH+YMpBDZ7gjgj3FdR5Rz09iouPtKs+SCGXcSpz0IGcDGOg4qSjldZ04yzJdxoJnjV12sxXCuArbNqhuQDkbwpyx2knIak4fCNpNWa/NP8C45diSq7zgYUELkn73J4GBzz16Vnb5F/gdxb7mClgVJAO04yCRnBxxkHg4OM9DXbscZ5p458c2/wBifT7fcJZWMTb1aNlKcyL5bhX+4VYPjYVddrEkgY17whtvt6P+rHRRSc91prb8T5b1rUST5aHk8fh/9euSlDqzqqS6I49ZcsVH8P8APrXbY5bnZeGLY3EcssZKSpLEEdeGUsQMqe3BOex7g1jPt0C9mmtGtg1i0ihv2WIDd5Q8w9cs7ZyxPViBk+vU0obWWy2K1b5nuz2f4TSXN7Z6jpiyyKsYgkiVWbKE7w3lESR+WSwQ8NtJHzKwJB2Xuu9ri06/1+DPbbdgLf5UdAhYBDtDDBOFUDauB91eg9T3qXq7pWJStpf5nL2F9PdNILkRqyswCoQCArlQShLMC64c5YheAOppSSWz17f8EeqbXTvfc1bJ4xcpC5w0u/YuD821ckZxtBA5wSCQCQDg1KTew3odJFGlvb+XMdyJGQ5YnlcHcSevIzmuvY59tj5B8V6m13fTXEJVIHkfagGMKcDOSWJLYBJJ9AMDAHnSl7WV3029D0VeC1er3PNXk8x2kPRAT+PauuK5VY5WzBtspnd13HP1q2Sj0LwderaW11K52iF0kJ6dFbaB7kkY9T0rGQMtaXBJLBeazPayXFuqOXcFglu8mBC8jL/cGWVCQCSAcjg1FcqsVc9O+Bd0/wBqujsZvOgjLYH3R5vHHr8yj0wGJPAB05b9Urd3Yhu1t/kfQmpXEVjH5k7rGpYKCxxlj91R6s2MKByTwOazt0QznGgi8zz41Cs64yBgkE55A75655B4NQ1YpGtaWGQbmPEcygKj7QSMnn/x3I/E+tNXWwN9OhynxM8QtoWjssIDT3bCJVJKnYceYwIVuQCODtGCTuGK2npFq9r6EU027pXtqfKN/cMUJb+EEZGOccZ44GeuB06ZNccIpPQ6ZO5z5fyIN59yfw5H64rrOcx7ZcgDv/U0xmxZxOXa3ORG213A6MEztB/Fv51LWwbHrQ1qBvBWp6EiyRS7lvZp8r5bqs0EUUG0fMMkrkngYJ6HFUiWdP8AAqzW7kvHfK4jhKEEggeYcDj1C8g+tJg9D3/XLVbuPYcKwIZSQSoIZWGVDKGG5VOGyOOlK7jtoC2a6PcxbRXRFjk2b1B+6ML1OMAdB6496h6u73GlZWWiKuo6tL4a0+eeZnkkVlKbl+TEkihUQkAkKvmEDGccEsFU1Tatoref/ADrpt2OF8eo2v6vb6Qf9Sihn545+ZyceijFRUvKaguhcLRg5Hz94hEUTzC2GyIyFYx/sg4H6DNC+LToVsjlNTwsccffr+H/AOv+VbGRWiXBwB079APc0DN7TdzxGfJ+bJAA/hUkDHf1P40CO3gXb4e1onndFYrnuC14nHvnH6U0J9D1r4HWrQ211Nt+UmKPdnuisxUD/gYJNITPTL+e4ivh5shEDBRHGFLLuJYNlgqYLLtwHaUK25l28Ue7a1nf+v66C7cr9br8nf8AQS4ulsh5xRpTuACJjcckDjOBkZzjOT0GTUpXdi/TocX8VtSLQ2dhjaW3TyL6bf3aD6ElyM4JGCQDwJkrafkKOuo3xBo76feXesv5rbocRKmGEZJKli/ljYJEABUM7YZ1JUYz02ULytdtPV3009enQybvywTdrq6svu/z2PABFbyMq3Qyu4Nz7cnp6jivLbktYbnqwUG7VNjI8d21rBfRR2SiOMRfMoJI3B2G7knhwARz09K2ouUo3nvcjEQjTklT0Vr736s5a4Iih2LxnG4/0rpOM6mwjEVvDjsg/UZ/rTFsdZLYyy+HZfJRnkv9RtoVCjqlrFJO/fu7xjv0pNqKu3YqMXN+6r2WyPf/AIZ2raToQM6mJnllkYMNpwMIv3sdQvGcA560b7ENO9ra9up2NrqUeq25mRHReq7xgkc4PdQchhhWbjDZwwpyi47/AJkJ6tdtHo1+Y6yWKU+VIQS/GzOCep6Ag4wD7HBqLFHgPja5W61eZIv9Va4t4xnPEYw3Pu5es2aI9j8R6jDd6RdNbuHVYzhlIKsGBw6MpIZCQwBB5KtxjBPbUTjBtq17/hv+Zyws526p6+R8iX9wsREZBJIyODjA6846gc46nj1rzYq56EnY5q7UtchT2x+ozj9f1rpitDJnQXWghdDutYcFY4ZYLWI8/PPKdz+xEcKsT/tOnoa1tpcyb1sinply8yJHtHACqP4jgYHtk8Uij6RuvAxEWnaVbXaQPalZrqM5L75WWR5FwMAOyJCgOBhAgJLms50nNabK/wDwX8kdFGtGjdtO7atqunT7z2GKBLOAIDhI15LEDjqWY9B3JPQVSSilFbI5pSc5Ob3buZn2RLPd5ZfEmPlZiwHrjJ4z6UhEclqunb9Y+T9xCxcuCW2p84CdAPnVcA55ORjnNJuKstF1BpO2m2x8zszTMZHPzSMWbnqzEsf1NYGp7zr1n/Yui3AeTfCkQSOMDaFOcD3Y88seTyTjNddVvlbkznpr3lZJa300PlhrIahcJCMqXPzMMDCgZYk9cKoJ644rgh2Oybsjl4pluLh5V+7lmHrjPH44wK7EYbHtvxQij8L+E9L0BFLTX0i3cxJ6NGm98Dr80k4XPYIRWktEkYx1bZx/wq0f+1tbt1kAZIj5zAfdCRfPgD0LBAT3JqEavRH17Ppxe4FzEQjnAfcu7I3bjgsTs5JICgDPJ7Yq72T0Ietr2020Wg/WNMN8sZUBmgkEiqTtUsvqwUt04wCoIODxST5dg6Nd/Npr7iAI5RF27XVB8pYkA4wAWOT9ScnvzUPV3Y1poc14jN8+hS2vzTXM0iRt8nljYGLtsB2hgUVAdqqCxYgfNU1JRitE/wCv68y4ptva3Tp/meDTRNbt5cqtGw6hgQf1/pWCknszVpx3PYfiTfSHQoiMD7Q8e8DPdd2BzwM+ueK68T7qcV3sc1DV38j560BD5Gr3LEtLa2E/lk443skZPAHIR2Axjqc5rOmkle3Q0m3dLzOT0O3SScIw4eSFD/uswB/Q1otCWeuftCNt1yzg/wCWcFgNg9N08gP6Io/CrnuZ09jsPgFpsJ0+61Mgm5klEG84+WNVD7UGPlBYgt67V9KlFS7HsPhq4luVcTuZWVmG5sAnbNNEDhQqj5Y1yFVVLZbGWJPTUgoxjJdb/lF/qc8JuUpxdrRdl+P+RYt9Tln1S4sCFEVsItuAdzebHvO4kn7pHy7QowTu3HBGPKrX9fwaX6m70t53L8aDzmPoayGcX481GazubaOMgJ5TMVIyCS+P5DjFcNdtNJdmdlFJp+pkeVHfRKZ0R8jOCMj8M5P61ynRtoj/2Q==', N'00201098885533', null, N'1099108810', 0, N'EG');
INSERT INTO shc_portal.shc_portal.shc_company_staff (id, full_name_ar, full_name_en, title_code, mobile_number, email, creation_date, update_date, id_number_original, gender, date_of_birth_hijri, date_of_birth_gregorian, passport_number, nationality_code, full_name_origin, photo, mobile_number_intl, data_request_record_id, id_number, registered, country_code) VALUES (5, N'احمد امين فليفل', N'Ahmed Amin Felaifel', N'GROUP_LEADER', N'00966577909090', N'aelsayed@elm.sa', GETDATE(),null, N'10010023232001', N'M', 14101010, N'1990-01-01', null, N'JO', N'احمد امين فليفل', N'/9j/4AAQSkZJRgABAAEAlgCWAAD//gAfTEVBRCBUZWNobm9sb2dpZXMgSW5jLiBWMS4wMQD/2wCEAAUFBQgFCAwHBwwMCQkJDA0MDAwMDQ0NDQ0NDQ0NDQ0NDQ0NDQ0NDQ0NDQ0NDQ0NDQ0NDQ0NDQ0NDQ0NDQ0NDQ0BBQgICgcKDAcHDA0MCgwNDQ0NDQ0NDQ0NDQ0NDQ0NDQ0NDQ0NDQ0NDQ0NDQ0NDQ0NDQ0NDQ0NDQ0NDQ0NDQ0NDf/EAaIAAAEFAQEBAQEBAAAAAAAAAAABAgMEBQYHCAkKCwEAAwEBAQEBAQEBAQAAAAAAAAECAwQFBgcICQoLEAACAQMDAgQDBQUEBAAAAX0BAgMABBEFEiExQQYTUWEHInEUMoGRoQgjQrHBFVLR8CQzYnKCCQoWFxgZGiUmJygpKjQ1Njc4OTpDREVGR0hJSlNUVVZXWFlaY2RlZmdoaWpzdHV2d3h5eoOEhYaHiImKkpOUlZaXmJmaoqOkpaanqKmqsrO0tba3uLm6wsPExcbHyMnK0tPU1dbX2Nna4eLj5OXm5+jp6vHy8/T19vf4+foRAAIBAgQEAwQHBQQEAAECdwABAgMRBAUhMQYSQVEHYXETIjKBCBRCkaGxwQkjM1LwFWJy0QoWJDThJfEXGBkaJicoKSo1Njc4OTpDREVGR0hJSlNUVVZXWFlaY2RlZmdoaWpzdHV2d3h5eoKDhIWGh4iJipKTlJWWl5iZmqKjpKWmp6ipqrKztLW2t7i5usLDxMXGx8jJytLT1NXW19jZ2uLj5OXm5+jp6vLz9PX29/j5+v/AABEIAGAAqwMBIgACEQEDEQH/2gAMAwEAAhEDEQA/AJjnNANIetJX2B8gSZNKCaYKWpEOyakVsd6iFL0oGWfOESl2+6gLH6KMn9BWhY25NvH52TIUDMcnOW+Yj6DOB7AVg3A81RB/z2dI/wDgLNl//IavXTG6jBwDuOQAFBPU47ccfoK8XHTqR5Y0bp6yfLfZWWvTufb5FRw8lVqYxU2m4U4RqW1b1dk938OyvqV5F8ptoOe9NDkVoPEH6jOO/wD9eqjQBejAY7H/AOt/hRh8XGcVCpzc1rXs2n56bGeY5LVoTnWw6h7Fu6jzKLiu1pPXys2/IVWqUMarA7eB2qQHHIr1T4+1nZ/19xZVz0qYORVRTUqtikMuIxHeplcjvVNWxxUytipGi3uPrUyuRVRW7VLnHSpKLYc+tTq59aohsVOrYqRlxXPrVpJCBWerVaQ8VJR5CetLTCeacOK7zlHDilptKOKAF6U4Gm5pelGwFV/nuI07Rq0h+rfu0/QyGtBHKnIOMfhVIeXFOcyxvJOoKopJZViyrI2QBvDliQpbAIqyPakrS222/GzK1i+zWunT0LYlJ6kn8TUmamu9Ns9LtbWZJnkubwNIfMlbDR8fdjLeWNjnbmMc8544qmGxWFOUZx5oJpXaV1a/K7XXkb1VKMuWo7ysnve11f7yyDipVbFQCnA4rUwLYNSA1WVsVKDjpUDLKt2qYNiqgNSqe1IZbVqnVu1U1OKmBqRloHFTq3aqgOOKlBqSi0rYq4hGBWcjVaQ8VIzyk9acDTD1oru2OUl6UtRjin0ihelKziNS7dEBY/QDJ/QUlVbz5o/K/wCezLH+BOW/8cDUAQfYEurRIZshseYHU4dJGyxZT2ILEHsRweKzZ9O1W+iNrLcRxR8qZUB8yUdsgY256MNwz1Oa6YnminewbG1r+j/294RheMAXWkwi5iX+9b7FS5Qe8brvI9AP71cBYXt1pIWHURugbaI7hTlF3fdEhPzKDnALDjpkivQrP4g6Hplm+m3izz3EO9QkCDGJEaOWNpHIQqykBgN2G5HK15z4a1Q6hAbO4Vi0SlNzKSskY+UBjjaWAwGHfqO9cdBTgpQmnyqTcW9NHvb5nfiHCfJOHxOCU12a0v6NfO/kdorYqUHFZ+n2Yto3RZMqpXyYmBLAHO5A+TkKcbAwzgkbuBm4MocNkH0IINdGmy/r/M47WLAOKlVsUyCCa6Pl2sZml2swjUqpbaMkAuQoPoCeTgDrVC11CKf5DmGYZDQy4SVCCQQyE5ByKm6bcU1datdVfyHZpJ2dns+mhrg1KDVVWxUwNIRZVscGplbFVAalDdjSGXA1TK2OKpK2PpVgGpGWQcVaQ8VQVqtoeKRR5keDRTaWuw5h1OBqS2t5LuVIIBukkO1VyBkn3YgD6kgV6zpHwrZ18zU59hI4igwcE92kYEHHoq4/2iK56lWFL43by6nRTpTq6QW2/RI8kzVVvnuEXtGjSH6t8i/pvr1zUPhZdw5axnjnA6JKDG//AH0Nyn8lrz+78NanpMksl5bSxqSqhwu9NqLwd6FgAWLHkjryBShWpz+GS9Ho/wAbBKjUp/FF/LVfgZ/SsnWNRawhAiybiY7IlAyc9C4H+zkbfVyvYGtUEHpWB4gtmaJbuL/W2jb/AKpwWH4YDfQH1rpRiYf/AAiv2WyeY5a8H7zGcgKMlogf4mKklm7uBjgZPTeHrn7RYx852ZT8Acj/AMdIrTt5luI0lXo6hh+Iz+nSsDTE/sy9msRxHN+/hHseHUf7pyMegFHSwb6nTZxVeeB5WM0UrxTNgsSfMVyOBvRiQeABlSrY71OKXpUeYyta6zqukTRyiKEIHRZZ45SNsTOqyN5brn7pJxuOOueKb4v1R7LxLd2ogS4iglYoFQNKqFEkZlY5Jxu3EAc54x1q4QsilHAZWBVlPQgjBBHoQcVzl1peoafKNeIe7t45DA74JdUSJETee+Iiqhz1Zfn65MKMVU9o7JuPL66ppfma8zcPZq7SlzemjTf5HWWl5DexiaBg6H06g91YdQw7g81dVsVitbhyL2yISR1BIIKpMpGQJF6hsfdkA3Keu5eK6OaxlgQTDEsJA/eR/Mgz2Y4BRh6OF9s0pNRaT0bv+H9bEJNq6W39f10Ii6oCxIVQMkk4AA6kk8ADuTToLiO4XfC6yJ/eRgw/NSRTrPLyrtXftZWK9iAQcHtg47128fhIa2JNR04xQmV2E0TZDechIOSo2jIxtwANpBPWuadVU5qElZNP3r7Ps1vqdEKTnFyjq0/h11XdPbQ49W7VKrYNF3ZT6fKYLpGikXsw6j1U9GHuCRUSt2ra6autvIws1o9PLYuqanU4FUA2KtoeKAued5xS03vSg11mJcsp/s1xFMP+Wcit+AIz+ma9gfx3Z6Cv727iSLIHzbpFUnoCyBtoP1AzXilRz26XUTQSjKSKVYex7j3HUehFYVKUaluboawm6esdD6DsviVp13gR3NlLn+7cKh/Jjn9K6a38TwTDhSQe8bJIP/HTX546hYNp8720oyUPB7Mp+6w+o/XI7VVjdoTmJmjPqhK/+gkVxvBw6aHoLETXXT0R+hd5p+g6ycXMMayH+IqYX/77Xb+prlr/AOFtvKC2n3DKCPuSgSoQe29drYPvur5F0rxvrWjHFvdSMg/5ZzHzk/75k3Ef8BK17rB8Uv7G07TdQvI5N2pJMz/ZmACGCQRsRG7fMCT0LAjHesnRqUf4U35J6le0hP8AiQT81oxifDvW9BR4DD9ogjdjC8DBz5Z+YAodsgKnI+6cjmuN123ktwtxtZJ7N9+1lKsYzxKuCAfu/NjHVfevePD/AMVdO1hljguIpZG4EUoMExJ7BWwGPsm6u2lvtN1ZPLvokYNkYmRXHvhsHH6VSr1af8WF/OOn+Zn7GlL+HPlfaR8yqwcBl5UgEH2IyKeDXu03w10W4jA08vahRhRE/mIB6bXLcDsAwwOBXHah8M9Stsm0eK6Uds+W/wCTZX/x+to4mlLS/K/72n+ZlLDVIbLmXeOv/BOGGmXN3aT3Fm8CyW4DFJt/3T/ENinocAZwufvEDr5PqaX4Yte+YQe5P7v8NvyAfgK9pjhvvDc4luYJIgMq6uhCSIeGTdyhBHTnrzVHUbZLeT9yd9vKu+JuzRnPyn/aQ5Rx6j3rWnUcKkk7SjLWDXS28dOvVX6X7Gc4JwTinGS0mnfq9JenR+ZgeHL37VZpk5aL92fXj7p/FSPyrp7a6ltH8yB2icd1OM+xHQj1BBFJaafaPZSzW0Sw3UBVpdmQssPK7ymdoaNiNzKASp5zVNHxVKSqOSta0mmnby/Bp3XkS4unyu+jSaa+f4pq3qdJP4gnnhFuqwwDdvcxRqjSP03NjoQDj5QB7V0vh3V5NLLXTBpbC5KR3iqCWtnI8tLoAcmFgBHc4GYwI5h8oevPFPOBXKv8R9R0u5e18PgEBG8yby/NbAGXaNT8gRdvDsrbiDjgjOFSgpR5aaS/D8fxN6dVxlzSbtb7vkesz6pcWzPp99/pUMMjJtk5ddpI3Ry8sjYwQQSDxkEVkX/lWELXm/NovPmEYKnsjqOkp6Ko4k6oSOnIeG9am1mB5bqQzXCyEvIxyzh/mVjjA6ZXp/CKg8V2F3fQr9nzJFGCzQoSrF/4ZB2k2jIEZwRkspzxWypcjSultzdn3aXTUxc+a97ve13qu1/kddaXcV7GJoGDxt0I7HuCOqsOhU4Iq+hOK5Dw1o50mEtMSbichpOSQvovXBYZy79S3fAFdSp4ptJOy2Mjhj1pQabgil2mukzHg0tNwfSlGfSkBzHinS/tlv8AaYx+9twSf9qPqw+q/eHtuHevMq9rvlJtphjrFJ/6Aa8UHSg2iORN52jqen1rVvtRN1Z2Vpz/AKEk689jLcPLx+BFZSkqQR1BzVu6iH+sXo3X6nv+P8/rRy3V+sXcu9nbow065bT7qC8HHkTxyZ/3HVj+ma9i+JXijUfD/iN00u5kiiFtasY8h4yXj3nMbApyGGTgMfWvFY32ZB5Vhgj2P+FdX4tuTrV6t6hyWtbJSPeO0hQ4/wCBKcj1qHC8k1tZ3X3W/Urm5U0+6sd/o3xpubUgajbB8dZbVzE/1MbFkP0DLXsWhfF7TdRwi3SK548u6Hkv9A5+Rj9HNfHUcSzfKfkcdux/Dt+FQyWzxjkZHcjkf5+tZTw8ZK7iOFWUXaLa/r7j9GIfEFtOuJlKq464Dxn8RnI/DFUrvwxo2tR7QiAAlgYD5ZBYAE4XjnAyCuCRk818D6V4h1LRDmwuZbcD+FWJjP1jbMZ/75r0vSPjJfWxA1C3juQP+WkJMEv5fNGT9An1rz3hHF3pSa672OxYi+lSKkv69T6G/wCFctp84msZ96cq8U643RuMOu9OOVPGU6gGvP8AU/CepaUzboJHhUnbJGN6lQeCdmWUkYzkDmtjQ/jJpl4Apujbt/zzvE2/gJQWT8S4+leq2fiiGdFdl+VhlZImDowPcEdR7gms069KTk1zXST6bXs/XWxTVGolFXhZtrtrv5W0ufKXiWa4is2EGQucTlf9YkR4OBxgE8OeCF9ixGnotna2dupsgCsgDbzgs/8AvH26bRhV5AFfUVxYaTr42zRQzsw53Lh8d+eH6decVw4+EdhZK66ZPNbozFlikIljQnqEJ2yKp9C7YxxXRHFwtyzTi/vX+f4GLwkt6bUl9z/yPne3gHh3Vgq/LaXwKp6I+d3l/g33P9l8fwmu7VscVs+Ivhpqc1u8ARZxwySQt8yOvKPsba3B4O3PykiuT02W4eLyryN4LqA+XPG6sjB174YA7XHzK3Rgcg12KcausJJ2/rY4pQlD4k0a6mrKHiqS5qdQcUyD/9k=', N'00918765789001', NULL, N'1099108811', 0, null);
INSERT INTO shc_portal.shc_portal.shc_company_staff (id, full_name_ar, full_name_en, title_code, mobile_number, email, creation_date, update_date, id_number_original, gender, date_of_birth_hijri, date_of_birth_gregorian, passport_number, nationality_code, full_name_origin, photo, mobile_number_intl, data_request_record_id, id_number, registered, country_code) VALUES (6, N'ايمن مقصود محمد', N'Aymen Dahoi', N'GROUP_IMAM', N'00966577909091', N'aelsayed@elm.sa', GETDATE(),null, N'10010023232002', N'M', 14101010, N'1990-01-01', N'KSA0110203', N'TN', N'ايمن مقصود محمد', N'/9j/4AAQSkZJRgABAAEAlgCWAAD//gAfTEVBRCBUZWNobm9sb2dpZXMgSW5jLiBWMS4wMQD/2wCEAAUFBQgFCAwHBwwMCQkJDA0MDAwMDQ0NDQ0NDQ0NDQ0NDQ0NDQ0NDQ0NDQ0NDQ0NDQ0NDQ0NDQ0NDQ0NDQ0NDQ0BBQgICgcKDAcHDA0MCgwNDQ0NDQ0NDQ0NDQ0NDQ0NDQ0NDQ0NDQ0NDQ0NDQ0NDQ0NDQ0NDQ0NDQ0NDQ0NDQ0NDf/EAaIAAAEFAQEBAQEBAAAAAAAAAAABAgMEBQYHCAkKCwEAAwEBAQEBAQEBAQAAAAAAAAECAwQFBgcICQoLEAACAQMDAgQDBQUEBAAAAX0BAgMABBEFEiExQQYTUWEHInEUMoGRoQgjQrHBFVLR8CQzYnKCCQoWFxgZGiUmJygpKjQ1Njc4OTpDREVGR0hJSlNUVVZXWFlaY2RlZmdoaWpzdHV2d3h5eoOEhYaHiImKkpOUlZaXmJmaoqOkpaanqKmqsrO0tba3uLm6wsPExcbHyMnK0tPU1dbX2Nna4eLj5OXm5+jp6vHy8/T19vf4+foRAAIBAgQEAwQHBQQEAAECdwABAgMRBAUhMQYSQVEHYXETIjKBCBRCkaGxwQkjM1LwFWJy0QoWJDThJfEXGBkaJicoKSo1Njc4OTpDREVGR0hJSlNUVVZXWFlaY2RlZmdoaWpzdHV2d3h5eoKDhIWGh4iJipKTlJWWl5iZmqKjpKWmp6ipqrKztLW2t7i5usLDxMXGx8jJytLT1NXW19jZ2uLj5OXm5+jp6vLz9PX29/j5+v/AABEIAGAAqwMBIgACEQEDEQH/2gAMAwEAAhEDEQA/AJjnNANIetJX2B8gSZNKCaYKWpEOyakVsd6iFL0oGWfOESl2+6gLH6KMn9BWhY25NvH52TIUDMcnOW+Yj6DOB7AVg3A81RB/z2dI/wDgLNl//IavXTG6jBwDuOQAFBPU47ccfoK8XHTqR5Y0bp6yfLfZWWvTufb5FRw8lVqYxU2m4U4RqW1b1dk938OyvqV5F8ptoOe9NDkVoPEH6jOO/wD9eqjQBejAY7H/AOt/hRh8XGcVCpzc1rXs2n56bGeY5LVoTnWw6h7Fu6jzKLiu1pPXys2/IVWqUMarA7eB2qQHHIr1T4+1nZ/19xZVz0qYORVRTUqtikMuIxHeplcjvVNWxxUytipGi3uPrUyuRVRW7VLnHSpKLYc+tTq59aohsVOrYqRlxXPrVpJCBWerVaQ8VJR5CetLTCeacOK7zlHDilptKOKAF6U4Gm5pelGwFV/nuI07Rq0h+rfu0/QyGtBHKnIOMfhVIeXFOcyxvJOoKopJZViyrI2QBvDliQpbAIqyPakrS222/GzK1i+zWunT0LYlJ6kn8TUmamu9Ns9LtbWZJnkubwNIfMlbDR8fdjLeWNjnbmMc8544qmGxWFOUZx5oJpXaV1a/K7XXkb1VKMuWo7ysnve11f7yyDipVbFQCnA4rUwLYNSA1WVsVKDjpUDLKt2qYNiqgNSqe1IZbVqnVu1U1OKmBqRloHFTq3aqgOOKlBqSi0rYq4hGBWcjVaQ8VIzyk9acDTD1oru2OUl6UtRjin0ihelKziNS7dEBY/QDJ/QUlVbz5o/K/wCezLH+BOW/8cDUAQfYEurRIZshseYHU4dJGyxZT2ILEHsRweKzZ9O1W+iNrLcRxR8qZUB8yUdsgY256MNwz1Oa6YnminewbG1r+j/294RheMAXWkwi5iX+9b7FS5Qe8brvI9AP71cBYXt1pIWHURugbaI7hTlF3fdEhPzKDnALDjpkivQrP4g6Hplm+m3izz3EO9QkCDGJEaOWNpHIQqykBgN2G5HK15z4a1Q6hAbO4Vi0SlNzKSskY+UBjjaWAwGHfqO9cdBTgpQmnyqTcW9NHvb5nfiHCfJOHxOCU12a0v6NfO/kdorYqUHFZ+n2Yto3RZMqpXyYmBLAHO5A+TkKcbAwzgkbuBm4MocNkH0IINdGmy/r/M47WLAOKlVsUyCCa6Pl2sZml2swjUqpbaMkAuQoPoCeTgDrVC11CKf5DmGYZDQy4SVCCQQyE5ByKm6bcU1datdVfyHZpJ2dns+mhrg1KDVVWxUwNIRZVscGplbFVAalDdjSGXA1TK2OKpK2PpVgGpGWQcVaQ8VQVqtoeKRR5keDRTaWuw5h1OBqS2t5LuVIIBukkO1VyBkn3YgD6kgV6zpHwrZ18zU59hI4igwcE92kYEHHoq4/2iK56lWFL43by6nRTpTq6QW2/RI8kzVVvnuEXtGjSH6t8i/pvr1zUPhZdw5axnjnA6JKDG//AH0Nyn8lrz+78NanpMksl5bSxqSqhwu9NqLwd6FgAWLHkjryBShWpz+GS9Ho/wAbBKjUp/FF/LVfgZ/SsnWNRawhAiybiY7IlAyc9C4H+zkbfVyvYGtUEHpWB4gtmaJbuL/W2jb/AKpwWH4YDfQH1rpRiYf/AAiv2WyeY5a8H7zGcgKMlogf4mKklm7uBjgZPTeHrn7RYx852ZT8Acj/AMdIrTt5luI0lXo6hh+Iz+nSsDTE/sy9msRxHN+/hHseHUf7pyMegFHSwb6nTZxVeeB5WM0UrxTNgsSfMVyOBvRiQeABlSrY71OKXpUeYyta6zqukTRyiKEIHRZZ45SNsTOqyN5brn7pJxuOOueKb4v1R7LxLd2ogS4iglYoFQNKqFEkZlY5Jxu3EAc54x1q4QsilHAZWBVlPQgjBBHoQcVzl1peoafKNeIe7t45DA74JdUSJETee+Iiqhz1Zfn65MKMVU9o7JuPL66ppfma8zcPZq7SlzemjTf5HWWl5DexiaBg6H06g91YdQw7g81dVsVitbhyL2yISR1BIIKpMpGQJF6hsfdkA3Keu5eK6OaxlgQTDEsJA/eR/Mgz2Y4BRh6OF9s0pNRaT0bv+H9bEJNq6W39f10Ii6oCxIVQMkk4AA6kk8ADuTToLiO4XfC6yJ/eRgw/NSRTrPLyrtXftZWK9iAQcHtg47128fhIa2JNR04xQmV2E0TZDechIOSo2jIxtwANpBPWuadVU5qElZNP3r7Ps1vqdEKTnFyjq0/h11XdPbQ49W7VKrYNF3ZT6fKYLpGikXsw6j1U9GHuCRUSt2ra6autvIws1o9PLYuqanU4FUA2KtoeKAued5xS03vSg11mJcsp/s1xFMP+Wcit+AIz+ma9gfx3Z6Cv727iSLIHzbpFUnoCyBtoP1AzXilRz26XUTQSjKSKVYex7j3HUehFYVKUaluboawm6esdD6DsviVp13gR3NlLn+7cKh/Jjn9K6a38TwTDhSQe8bJIP/HTX546hYNp8720oyUPB7Mp+6w+o/XI7VVjdoTmJmjPqhK/+gkVxvBw6aHoLETXXT0R+hd5p+g6ycXMMayH+IqYX/77Xb+prlr/AOFtvKC2n3DKCPuSgSoQe29drYPvur5F0rxvrWjHFvdSMg/5ZzHzk/75k3Ef8BK17rB8Uv7G07TdQvI5N2pJMz/ZmACGCQRsRG7fMCT0LAjHesnRqUf4U35J6le0hP8AiQT81oxifDvW9BR4DD9ogjdjC8DBz5Z+YAodsgKnI+6cjmuN123ktwtxtZJ7N9+1lKsYzxKuCAfu/NjHVfevePD/AMVdO1hljguIpZG4EUoMExJ7BWwGPsm6u2lvtN1ZPLvokYNkYmRXHvhsHH6VSr1af8WF/OOn+Zn7GlL+HPlfaR8yqwcBl5UgEH2IyKeDXu03w10W4jA08vahRhRE/mIB6bXLcDsAwwOBXHah8M9Stsm0eK6Uds+W/wCTZX/x+to4mlLS/K/72n+ZlLDVIbLmXeOv/BOGGmXN3aT3Fm8CyW4DFJt/3T/ENinocAZwufvEDr5PqaX4Yte+YQe5P7v8NvyAfgK9pjhvvDc4luYJIgMq6uhCSIeGTdyhBHTnrzVHUbZLeT9yd9vKu+JuzRnPyn/aQ5Rx6j3rWnUcKkk7SjLWDXS28dOvVX6X7Gc4JwTinGS0mnfq9JenR+ZgeHL37VZpk5aL92fXj7p/FSPyrp7a6ltH8yB2icd1OM+xHQj1BBFJaafaPZSzW0Sw3UBVpdmQssPK7ymdoaNiNzKASp5zVNHxVKSqOSta0mmnby/Bp3XkS4unyu+jSaa+f4pq3qdJP4gnnhFuqwwDdvcxRqjSP03NjoQDj5QB7V0vh3V5NLLXTBpbC5KR3iqCWtnI8tLoAcmFgBHc4GYwI5h8oevPFPOBXKv8R9R0u5e18PgEBG8yby/NbAGXaNT8gRdvDsrbiDjgjOFSgpR5aaS/D8fxN6dVxlzSbtb7vkesz6pcWzPp99/pUMMjJtk5ddpI3Ry8sjYwQQSDxkEVkX/lWELXm/NovPmEYKnsjqOkp6Ko4k6oSOnIeG9am1mB5bqQzXCyEvIxyzh/mVjjA6ZXp/CKg8V2F3fQr9nzJFGCzQoSrF/4ZB2k2jIEZwRkspzxWypcjSultzdn3aXTUxc+a97ve13qu1/kddaXcV7GJoGDxt0I7HuCOqsOhU4Iq+hOK5Dw1o50mEtMSbichpOSQvovXBYZy79S3fAFdSp4ptJOy2Mjhj1pQabgil2mukzHg0tNwfSlGfSkBzHinS/tlv8AaYx+9twSf9qPqw+q/eHtuHevMq9rvlJtphjrFJ/6Aa8UHSg2iORN52jqen1rVvtRN1Z2Vpz/AKEk689jLcPLx+BFZSkqQR1BzVu6iH+sXo3X6nv+P8/rRy3V+sXcu9nbow065bT7qC8HHkTxyZ/3HVj+ma9i+JXijUfD/iN00u5kiiFtasY8h4yXj3nMbApyGGTgMfWvFY32ZB5Vhgj2P+FdX4tuTrV6t6hyWtbJSPeO0hQ4/wCBKcj1qHC8k1tZ3X3W/Urm5U0+6sd/o3xpubUgajbB8dZbVzE/1MbFkP0DLXsWhfF7TdRwi3SK548u6Hkv9A5+Rj9HNfHUcSzfKfkcdux/Dt+FQyWzxjkZHcjkf5+tZTw8ZK7iOFWUXaLa/r7j9GIfEFtOuJlKq464Dxn8RnI/DFUrvwxo2tR7QiAAlgYD5ZBYAE4XjnAyCuCRk818D6V4h1LRDmwuZbcD+FWJjP1jbMZ/75r0vSPjJfWxA1C3juQP+WkJMEv5fNGT9An1rz3hHF3pSa672OxYi+lSKkv69T6G/wCFctp84msZ96cq8U643RuMOu9OOVPGU6gGvP8AU/CepaUzboJHhUnbJGN6lQeCdmWUkYzkDmtjQ/jJpl4Apujbt/zzvE2/gJQWT8S4+leq2fiiGdFdl+VhlZImDowPcEdR7gms069KTk1zXST6bXs/XWxTVGolFXhZtrtrv5W0ufKXiWa4is2EGQucTlf9YkR4OBxgE8OeCF9ixGnotna2dupsgCsgDbzgs/8AvH26bRhV5AFfUVxYaTr42zRQzsw53Lh8d+eH6decVw4+EdhZK66ZPNbozFlikIljQnqEJ2yKp9C7YxxXRHFwtyzTi/vX+f4GLwkt6bUl9z/yPne3gHh3Vgq/LaXwKp6I+d3l/g33P9l8fwmu7VscVs+Ivhpqc1u8ARZxwySQt8yOvKPsba3B4O3PykiuT02W4eLyryN4LqA+XPG6sjB174YA7XHzK3Rgcg12KcausJJ2/rY4pQlD4k0a6mrKHiqS5qdQcUyD/9k=', N'00918765789002', NULL, N'1099108813', 0, null);
INSERT INTO shc_portal.shc_portal.shc_company_staff (id, full_name_ar, full_name_en, title_code, mobile_number, email, creation_date, update_date, id_number_original, gender, date_of_birth_hijri, date_of_birth_gregorian, passport_number, nationality_code, full_name_origin, photo, mobile_number_intl, data_request_record_id, id_number, registered, country_code) VALUES (7, N'محمود عبدالغني', N'Mahmoud Abdelghany', N'GROUP_DOCTOR', N'00966577909092', N'aelsayed@elm.sa', GETDATE(),null, N'10010023232003', N'M', 14101010, N'1990-01-01', null, N'EG', N'محمود عبدالغني', N'/9j/4AAQSkZJRgABAAEAlgCWAAD//gAfTEVBRCBUZWNobm9sb2dpZXMgSW5jLiBWMS4wMQD/2wCEAAUFBQgFCAwHBwwMCQkJDA0MDAwMDQ0NDQ0NDQ0NDQ0NDQ0NDQ0NDQ0NDQ0NDQ0NDQ0NDQ0NDQ0NDQ0NDQ0NDQ0BBQgICgcKDAcHDA0MCgwNDQ0NDQ0NDQ0NDQ0NDQ0NDQ0NDQ0NDQ0NDQ0NDQ0NDQ0NDQ0NDQ0NDQ0NDQ0NDQ0NDf/EAaIAAAEFAQEBAQEBAAAAAAAAAAABAgMEBQYHCAkKCwEAAwEBAQEBAQEBAQAAAAAAAAECAwQFBgcICQoLEAACAQMDAgQDBQUEBAAAAX0BAgMABBEFEiExQQYTUWEHInEUMoGRoQgjQrHBFVLR8CQzYnKCCQoWFxgZGiUmJygpKjQ1Njc4OTpDREVGR0hJSlNUVVZXWFlaY2RlZmdoaWpzdHV2d3h5eoOEhYaHiImKkpOUlZaXmJmaoqOkpaanqKmqsrO0tba3uLm6wsPExcbHyMnK0tPU1dbX2Nna4eLj5OXm5+jp6vHy8/T19vf4+foRAAIBAgQEAwQHBQQEAAECdwABAgMRBAUhMQYSQVEHYXETIjKBCBRCkaGxwQkjM1LwFWJy0QoWJDThJfEXGBkaJicoKSo1Njc4OTpDREVGR0hJSlNUVVZXWFlaY2RlZmdoaWpzdHV2d3h5eoKDhIWGh4iJipKTlJWWl5iZmqKjpKWmp6ipqrKztLW2t7i5usLDxMXGx8jJytLT1NXW19jZ2uLj5OXm5+jp6vLz9PX29/j5+v/AABEIAGAAqwMBIgACEQEDEQH/2gAMAwEAAhEDEQA/AJjnNANIetJX2B8gSZNKCaYKWpEOyakVsd6iFL0oGWfOESl2+6gLH6KMn9BWhY25NvH52TIUDMcnOW+Yj6DOB7AVg3A81RB/z2dI/wDgLNl//IavXTG6jBwDuOQAFBPU47ccfoK8XHTqR5Y0bp6yfLfZWWvTufb5FRw8lVqYxU2m4U4RqW1b1dk938OyvqV5F8ptoOe9NDkVoPEH6jOO/wD9eqjQBejAY7H/AOt/hRh8XGcVCpzc1rXs2n56bGeY5LVoTnWw6h7Fu6jzKLiu1pPXys2/IVWqUMarA7eB2qQHHIr1T4+1nZ/19xZVz0qYORVRTUqtikMuIxHeplcjvVNWxxUytipGi3uPrUyuRVRW7VLnHSpKLYc+tTq59aohsVOrYqRlxXPrVpJCBWerVaQ8VJR5CetLTCeacOK7zlHDilptKOKAF6U4Gm5pelGwFV/nuI07Rq0h+rfu0/QyGtBHKnIOMfhVIeXFOcyxvJOoKopJZViyrI2QBvDliQpbAIqyPakrS222/GzK1i+zWunT0LYlJ6kn8TUmamu9Ns9LtbWZJnkubwNIfMlbDR8fdjLeWNjnbmMc8544qmGxWFOUZx5oJpXaV1a/K7XXkb1VKMuWo7ysnve11f7yyDipVbFQCnA4rUwLYNSA1WVsVKDjpUDLKt2qYNiqgNSqe1IZbVqnVu1U1OKmBqRloHFTq3aqgOOKlBqSi0rYq4hGBWcjVaQ8VIzyk9acDTD1oru2OUl6UtRjin0ihelKziNS7dEBY/QDJ/QUlVbz5o/K/wCezLH+BOW/8cDUAQfYEurRIZshseYHU4dJGyxZT2ILEHsRweKzZ9O1W+iNrLcRxR8qZUB8yUdsgY256MNwz1Oa6YnminewbG1r+j/294RheMAXWkwi5iX+9b7FS5Qe8brvI9AP71cBYXt1pIWHURugbaI7hTlF3fdEhPzKDnALDjpkivQrP4g6Hplm+m3izz3EO9QkCDGJEaOWNpHIQqykBgN2G5HK15z4a1Q6hAbO4Vi0SlNzKSskY+UBjjaWAwGHfqO9cdBTgpQmnyqTcW9NHvb5nfiHCfJOHxOCU12a0v6NfO/kdorYqUHFZ+n2Yto3RZMqpXyYmBLAHO5A+TkKcbAwzgkbuBm4MocNkH0IINdGmy/r/M47WLAOKlVsUyCCa6Pl2sZml2swjUqpbaMkAuQoPoCeTgDrVC11CKf5DmGYZDQy4SVCCQQyE5ByKm6bcU1datdVfyHZpJ2dns+mhrg1KDVVWxUwNIRZVscGplbFVAalDdjSGXA1TK2OKpK2PpVgGpGWQcVaQ8VQVqtoeKRR5keDRTaWuw5h1OBqS2t5LuVIIBukkO1VyBkn3YgD6kgV6zpHwrZ18zU59hI4igwcE92kYEHHoq4/2iK56lWFL43by6nRTpTq6QW2/RI8kzVVvnuEXtGjSH6t8i/pvr1zUPhZdw5axnjnA6JKDG//AH0Nyn8lrz+78NanpMksl5bSxqSqhwu9NqLwd6FgAWLHkjryBShWpz+GS9Ho/wAbBKjUp/FF/LVfgZ/SsnWNRawhAiybiY7IlAyc9C4H+zkbfVyvYGtUEHpWB4gtmaJbuL/W2jb/AKpwWH4YDfQH1rpRiYf/AAiv2WyeY5a8H7zGcgKMlogf4mKklm7uBjgZPTeHrn7RYx852ZT8Acj/AMdIrTt5luI0lXo6hh+Iz+nSsDTE/sy9msRxHN+/hHseHUf7pyMegFHSwb6nTZxVeeB5WM0UrxTNgsSfMVyOBvRiQeABlSrY71OKXpUeYyta6zqukTRyiKEIHRZZ45SNsTOqyN5brn7pJxuOOueKb4v1R7LxLd2ogS4iglYoFQNKqFEkZlY5Jxu3EAc54x1q4QsilHAZWBVlPQgjBBHoQcVzl1peoafKNeIe7t45DA74JdUSJETee+Iiqhz1Zfn65MKMVU9o7JuPL66ppfma8zcPZq7SlzemjTf5HWWl5DexiaBg6H06g91YdQw7g81dVsVitbhyL2yISR1BIIKpMpGQJF6hsfdkA3Keu5eK6OaxlgQTDEsJA/eR/Mgz2Y4BRh6OF9s0pNRaT0bv+H9bEJNq6W39f10Ii6oCxIVQMkk4AA6kk8ADuTToLiO4XfC6yJ/eRgw/NSRTrPLyrtXftZWK9iAQcHtg47128fhIa2JNR04xQmV2E0TZDechIOSo2jIxtwANpBPWuadVU5qElZNP3r7Ps1vqdEKTnFyjq0/h11XdPbQ49W7VKrYNF3ZT6fKYLpGikXsw6j1U9GHuCRUSt2ra6autvIws1o9PLYuqanU4FUA2KtoeKAued5xS03vSg11mJcsp/s1xFMP+Wcit+AIz+ma9gfx3Z6Cv727iSLIHzbpFUnoCyBtoP1AzXilRz26XUTQSjKSKVYex7j3HUehFYVKUaluboawm6esdD6DsviVp13gR3NlLn+7cKh/Jjn9K6a38TwTDhSQe8bJIP/HTX546hYNp8720oyUPB7Mp+6w+o/XI7VVjdoTmJmjPqhK/+gkVxvBw6aHoLETXXT0R+hd5p+g6ycXMMayH+IqYX/77Xb+prlr/AOFtvKC2n3DKCPuSgSoQe29drYPvur5F0rxvrWjHFvdSMg/5ZzHzk/75k3Ef8BK17rB8Uv7G07TdQvI5N2pJMz/ZmACGCQRsRG7fMCT0LAjHesnRqUf4U35J6le0hP8AiQT81oxifDvW9BR4DD9ogjdjC8DBz5Z+YAodsgKnI+6cjmuN123ktwtxtZJ7N9+1lKsYzxKuCAfu/NjHVfevePD/AMVdO1hljguIpZG4EUoMExJ7BWwGPsm6u2lvtN1ZPLvokYNkYmRXHvhsHH6VSr1af8WF/OOn+Zn7GlL+HPlfaR8yqwcBl5UgEH2IyKeDXu03w10W4jA08vahRhRE/mIB6bXLcDsAwwOBXHah8M9Stsm0eK6Uds+W/wCTZX/x+to4mlLS/K/72n+ZlLDVIbLmXeOv/BOGGmXN3aT3Fm8CyW4DFJt/3T/ENinocAZwufvEDr5PqaX4Yte+YQe5P7v8NvyAfgK9pjhvvDc4luYJIgMq6uhCSIeGTdyhBHTnrzVHUbZLeT9yd9vKu+JuzRnPyn/aQ5Rx6j3rWnUcKkk7SjLWDXS28dOvVX6X7Gc4JwTinGS0mnfq9JenR+ZgeHL37VZpk5aL92fXj7p/FSPyrp7a6ltH8yB2icd1OM+xHQj1BBFJaafaPZSzW0Sw3UBVpdmQssPK7ymdoaNiNzKASp5zVNHxVKSqOSta0mmnby/Bp3XkS4unyu+jSaa+f4pq3qdJP4gnnhFuqwwDdvcxRqjSP03NjoQDj5QB7V0vh3V5NLLXTBpbC5KR3iqCWtnI8tLoAcmFgBHc4GYwI5h8oevPFPOBXKv8R9R0u5e18PgEBG8yby/NbAGXaNT8gRdvDsrbiDjgjOFSgpR5aaS/D8fxN6dVxlzSbtb7vkesz6pcWzPp99/pUMMjJtk5ddpI3Ry8sjYwQQSDxkEVkX/lWELXm/NovPmEYKnsjqOkp6Ko4k6oSOnIeG9am1mB5bqQzXCyEvIxyzh/mVjjA6ZXp/CKg8V2F3fQr9nzJFGCzQoSrF/4ZB2k2jIEZwRkspzxWypcjSultzdn3aXTUxc+a97ve13qu1/kddaXcV7GJoGDxt0I7HuCOqsOhU4Iq+hOK5Dw1o50mEtMSbichpOSQvovXBYZy79S3fAFdSp4ptJOy2Mjhj1pQabgil2mukzHg0tNwfSlGfSkBzHinS/tlv8AaYx+9twSf9qPqw+q/eHtuHevMq9rvlJtphjrFJ/6Aa8UHSg2iORN52jqen1rVvtRN1Z2Vpz/AKEk689jLcPLx+BFZSkqQR1BzVu6iH+sXo3X6nv+P8/rRy3V+sXcu9nbow065bT7qC8HHkTxyZ/3HVj+ma9i+JXijUfD/iN00u5kiiFtasY8h4yXj3nMbApyGGTgMfWvFY32ZB5Vhgj2P+FdX4tuTrV6t6hyWtbJSPeO0hQ4/wCBKcj1qHC8k1tZ3X3W/Urm5U0+6sd/o3xpubUgajbB8dZbVzE/1MbFkP0DLXsWhfF7TdRwi3SK548u6Hkv9A5+Rj9HNfHUcSzfKfkcdux/Dt+FQyWzxjkZHcjkf5+tZTw8ZK7iOFWUXaLa/r7j9GIfEFtOuJlKq464Dxn8RnI/DFUrvwxo2tR7QiAAlgYD5ZBYAE4XjnAyCuCRk818D6V4h1LRDmwuZbcD+FWJjP1jbMZ/75r0vSPjJfWxA1C3juQP+WkJMEv5fNGT9An1rz3hHF3pSa672OxYi+lSKkv69T6G/wCFctp84msZ96cq8U643RuMOu9OOVPGU6gGvP8AU/CepaUzboJHhUnbJGN6lQeCdmWUkYzkDmtjQ/jJpl4Apujbt/zzvE2/gJQWT8S4+leq2fiiGdFdl+VhlZImDowPcEdR7gms069KTk1zXST6bXs/XWxTVGolFXhZtrtrv5W0ufKXiWa4is2EGQucTlf9YkR4OBxgE8OeCF9ixGnotna2dupsgCsgDbzgs/8AvH26bRhV5AFfUVxYaTr42zRQzsw53Lh8d+eH6decVw4+EdhZK66ZPNbozFlikIljQnqEJ2yKp9C7YxxXRHFwtyzTi/vX+f4GLwkt6bUl9z/yPne3gHh3Vgq/LaXwKp6I+d3l/g33P9l8fwmu7VscVs+Ivhpqc1u8ARZxwySQt8yOvKPsba3B4O3PykiuT02W4eLyryN4LqA+XPG6sjB174YA7XHzK3Rgcg12KcausJJ2/rY4pQlD4k0a6mrKHiqS5qdQcUyD/9k=', N'00918765789003', NULL, N'1099108812', 0, null);
SET IDENTITY_INSERT shc_portal.shc_portal.shc_company_staff OFF;
GO


----------------      shc_applicant_group           --------------------------------------
delete from  shc_portal.shc_portal.shc_applicant_group where id > 0
    GO
SET IDENTITY_INSERT shc_portal.shc_applicant_group ON;
GO
INSERT INTO shc_portal.shc_portal.shc_applicant_group (id, local_office_id, reference_number, arrival_date, departure_date, group_leader_id, company_ritual_season_id, group_type_code, entry_transportation_type_code, creation_date, update_date) VALUES (1, 1, N'INTERNALHAJJ43', null, null, 1, 1, null, null, GETDATE(), null);
INSERT INTO shc_portal.shc_portal.shc_applicant_group (id, local_office_id, reference_number, arrival_date, departure_date, group_leader_id, company_ritual_season_id, group_type_code, entry_transportation_type_code, creation_date, update_date) VALUES (2, 1, N'EXTERNALHAJJ43', null, null, 5, 2, null, null, GETDATE(), null);
INSERT INTO shc_portal.shc_portal.shc_applicant_group (id, local_office_id, reference_number, arrival_date, departure_date, group_leader_id, company_ritual_season_id, group_type_code, entry_transportation_type_code, creation_date, update_date) VALUES (3, 1, N'EXTERNALUMRAH43', null, null, 1, 3, null, null, GETDATE(), null);
INSERT INTO shc_portal.shc_portal.shc_applicant_group (id, local_office_id, reference_number, arrival_date, departure_date, group_leader_id, company_ritual_season_id, group_type_code, entry_transportation_type_code, creation_date, update_date) VALUES (4, 1, N'INTERNALUMRAH43', null, null, 5, 4, null, null, GETDATE(), null);
INSERT INTO shc_portal.shc_portal.shc_applicant_group (id, local_office_id, reference_number, arrival_date, departure_date, group_leader_id, company_ritual_season_id, group_type_code, entry_transportation_type_code, creation_date, update_date) VALUES (5, 1, N'COURTESYHAJJ43', null, null, 1, 5, null, null, GETDATE(), null);
INSERT INTO shc_portal.shc_portal.shc_applicant_group (id, local_office_id, reference_number, arrival_date, departure_date, group_leader_id, company_ritual_season_id, group_type_code, entry_transportation_type_code, creation_date, update_date) VALUES (6, 1, N'INTERNALHAJJ42', null, null, 1, 6, null, null, GETDATE(), null);
INSERT INTO shc_portal.shc_portal.shc_applicant_group (id, local_office_id, reference_number, arrival_date, departure_date, group_leader_id, company_ritual_season_id, group_type_code, entry_transportation_type_code, creation_date, update_date) VALUES (7, 1, N'EXTERNALHAJJ42', null, null, 5, 7, null, null, GETDATE(), null);
INSERT INTO shc_portal.shc_portal.shc_applicant_group (id, local_office_id, reference_number, arrival_date, departure_date, group_leader_id, company_ritual_season_id, group_type_code, entry_transportation_type_code, creation_date, update_date) VALUES (8, 1, N'EXTERNALUMRAH42', null, null, 1, 8, null, null, GETDATE(), null);
INSERT INTO shc_portal.shc_portal.shc_applicant_group (id, local_office_id, reference_number, arrival_date, departure_date, group_leader_id, company_ritual_season_id, group_type_code, entry_transportation_type_code, creation_date, update_date) VALUES (9, 1, N'INTERNALUMRAH42', null, null, 5, 9, null, null, GETDATE(), null);
INSERT INTO shc_portal.shc_portal.shc_applicant_group (id, local_office_id, reference_number, arrival_date, departure_date, group_leader_id, company_ritual_season_id, group_type_code, entry_transportation_type_code, creation_date, update_date) VALUES (10, 1, N'COURTESYHAJJ42', null, null, 1, 10, null, null, GETDATE(), null);
SET IDENTITY_INSERT shc_portal.shc_applicant_group OFF;
GO

----------------      shc_company_ritual_step           --------------------------------------
delete from  shc_portal.shc_portal.shc_company_ritual_step where id > 0
    GO
SET IDENTITY_INSERT shc_portal.shc_company_ritual_step ON;
GO
INSERT INTO shc_portal.shc_portal.shc_company_ritual_step (id, applicant_group_id, transportation_type_code, step_index, step_code, time, location_lat, location_lng, location_name_ar, location_name_en, creation_date, update_date) VALUES (1, 1, N'AIRPLANE', 1, N'ARRIVE_TO_KSA', GETDATE(), 21.66140049,39.17382223, N'جدة', N'Jeddah', GETDATE(), null);
INSERT INTO shc_portal.shc_portal.shc_company_ritual_step (id, applicant_group_id, transportation_type_code, step_index, step_code, time, location_lat, location_lng, location_name_ar, location_name_en, creation_date, update_date) VALUES (2, 1, N'TRAIN', 2, N'HOTEL', GETDATE()  + 1, 21.43001447,39.81635685, N'مكة', N'Makkah', GETDATE(), null);
INSERT INTO shc_portal.shc_portal.shc_company_ritual_step (id, applicant_group_id, transportation_type_code, step_index, step_code, time, location_lat, location_lng, location_name_ar, location_name_en, creation_date, update_date) VALUES (3, 1, N'BUS', 3, N'FOR_UMRAH', GETDATE() + 2, 21.42374343,39.82569630, N'مكة', N'Makkah', GETDATE(), null);
INSERT INTO shc_portal.shc_portal.shc_company_ritual_step (id, applicant_group_id, transportation_type_code, step_index, step_code, time, location_lat, location_lng, location_name_ar, location_name_en, creation_date, update_date) VALUES (4, 1, N'BUS', 4, N'FOR_MADINA', GETDATE()  + 3, 21.41257841,39.82783978, N'مدينة', N'Madina', GETDATE(), null);
INSERT INTO shc_portal.shc_portal.shc_company_ritual_step (id, applicant_group_id, transportation_type_code, step_index, step_code, time, location_lat, location_lng, location_name_ar, location_name_en, creation_date, update_date) VALUES (5, 2, N'AIRPLANE', 1, N'ARRIVE_TO_KSA', GETDATE(), 21.66140049,39.17382223, N'جدة', N'Jeddah', GETDATE(), null);
INSERT INTO shc_portal.shc_portal.shc_company_ritual_step (id, applicant_group_id, transportation_type_code, step_index, step_code, time, location_lat, location_lng, location_name_ar, location_name_en, creation_date, update_date) VALUES (6, 2, N'TRAIN', 2, N'HOTEL', GETDATE() + 1, 21.43001447,39.81635685, N'مكة', N'Makkah', GETDATE(), null);
INSERT INTO shc_portal.shc_portal.shc_company_ritual_step (id, applicant_group_id, transportation_type_code, step_index, step_code, time, location_lat, location_lng, location_name_ar, location_name_en, creation_date, update_date) VALUES (7, 2, N'BUS', 3, N'FOR_UMRAH', GETDATE() + 2, 21.42374343,39.82569630, N'مكة', N'Makkah', GETDATE(), null);
INSERT INTO shc_portal.shc_portal.shc_company_ritual_step (id, applicant_group_id, transportation_type_code, step_index, step_code, time, location_lat, location_lng, location_name_ar, location_name_en, creation_date, update_date) VALUES (8, 2, N'BUS', 4, N'FOR_MADINA', GETDATE() + 3, 21.41257841,39.82783978, N'مدينة', N'Madina', GETDATE(), null);
INSERT INTO shc_portal.shc_portal.shc_company_ritual_step (id, applicant_group_id, transportation_type_code, step_index, step_code, time, location_lat, location_lng, location_name_ar, location_name_en, creation_date, update_date) VALUES (9, 3, N'AIRPLANE', 1, N'ARRIVE_TO_KSA', GETDATE(), 21.66140049,39.17382223, N'جدة', N'Jeddah', GETDATE(), null);
INSERT INTO shc_portal.shc_portal.shc_company_ritual_step (id, applicant_group_id, transportation_type_code, step_index, step_code, time, location_lat, location_lng, location_name_ar, location_name_en, creation_date, update_date) VALUES (10, 3, N'TRAIN', 2, N'HOTEL', GETDATE() + 1, 21.43001447,39.81635685, N'مكة', N'Makkah', GETDATE(), null);
INSERT INTO shc_portal.shc_portal.shc_company_ritual_step (id, applicant_group_id, transportation_type_code, step_index, step_code, time, location_lat, location_lng, location_name_ar, location_name_en, creation_date, update_date) VALUES (11, 3, N'BUS', 3, N'FOR_UMRAH', GETDATE() + 2, 21.42374343,39.82569630, N'مكة', N'Makkah', GETDATE(), null);
INSERT INTO shc_portal.shc_portal.shc_company_ritual_step (id, applicant_group_id, transportation_type_code, step_index, step_code, time, location_lat, location_lng, location_name_ar, location_name_en, creation_date, update_date) VALUES (12, 3, N'BUS', 4, N'FOR_MADINA', GETDATE() + 3, 21.41257841,39.82783978, N'مدينة', N'Madina', GETDATE(), null);
INSERT INTO shc_portal.shc_portal.shc_company_ritual_step (id, applicant_group_id, transportation_type_code, step_index, step_code, time, location_lat, location_lng, location_name_ar, location_name_en, creation_date, update_date) VALUES (13, 4, N'AIRPLANE', 1, N'ARRIVE_TO_KSA', GETDATE(), 21.66140049,39.17382223, N'جدة', N'Jeddah', GETDATE(), null);
INSERT INTO shc_portal.shc_portal.shc_company_ritual_step (id, applicant_group_id, transportation_type_code, step_index, step_code, time, location_lat, location_lng, location_name_ar, location_name_en, creation_date, update_date) VALUES (14, 4, N'TRAIN', 2, N'HOTEL', GETDATE() + 1, 21.43001447,39.81635685, N'مكة', N'Makkah', GETDATE(), null);
INSERT INTO shc_portal.shc_portal.shc_company_ritual_step (id, applicant_group_id, transportation_type_code, step_index, step_code, time, location_lat, location_lng, location_name_ar, location_name_en, creation_date, update_date) VALUES (15, 4, N'BUS', 3, N'FOR_UMRAH', GETDATE() + 2, 21.42374343,39.82569630, N'مكة', N'Makkah', GETDATE(), null);
INSERT INTO shc_portal.shc_portal.shc_company_ritual_step (id, applicant_group_id, transportation_type_code, step_index, step_code, time, location_lat, location_lng, location_name_ar, location_name_en, creation_date, update_date) VALUES (16, 4, N'BUS', 4, N'FOR_MADINA', GETDATE() + 3, 21.41257841,39.82783978, N'مدينة', N'Madina', GETDATE(), null);
INSERT INTO shc_portal.shc_portal.shc_company_ritual_step (id, applicant_group_id, transportation_type_code, step_index, step_code, time, location_lat, location_lng, location_name_ar, location_name_en, creation_date, update_date) VALUES (17, 5, N'AIRPLANE', 1, N'ARRIVE_TO_KSA', GETDATE(), 21.66140049,39.17382223, N'جدة', N'Jeddah', GETDATE(), null);
INSERT INTO shc_portal.shc_portal.shc_company_ritual_step (id, applicant_group_id, transportation_type_code, step_index, step_code, time, location_lat, location_lng, location_name_ar, location_name_en, creation_date, update_date) VALUES (18, 5, N'TRAIN', 2, N'HOTEL', GETDATE() + 1, 21.43001447,39.81635685, N'مكة', N'Makkah', GETDATE(), null);
INSERT INTO shc_portal.shc_portal.shc_company_ritual_step (id, applicant_group_id, transportation_type_code, step_index, step_code, time, location_lat, location_lng, location_name_ar, location_name_en, creation_date, update_date) VALUES (19, 5, N'BUS', 3, N'FOR_UMRAH', GETDATE() + 2, 21.42374343,39.82569630, N'مكة', N'Makkah', GETDATE(), null);
INSERT INTO shc_portal.shc_portal.shc_company_ritual_step (id, applicant_group_id, transportation_type_code, step_index, step_code, time, location_lat, location_lng, location_name_ar, location_name_en, creation_date, update_date) VALUES (20, 5, N'BUS', 4, N'FOR_MADINA', GETDATE() + 3, 21.41257841,39.82783978, N'مدينة', N'Madina', GETDATE(), null);
INSERT INTO shc_portal.shc_portal.shc_company_ritual_step (id, applicant_group_id, transportation_type_code, step_index, step_code, time, location_lat, location_lng, location_name_ar, location_name_en, creation_date, update_date) VALUES (21, 6, N'AIRPLANE', 1, N'ARRIVE_TO_KSA',  dateadd(yy, -1, getdate()), 21.66140049,39.17382223, N'جدة', N'Jeddah',  dateadd(yy, -1, getdate()), null);
INSERT INTO shc_portal.shc_portal.shc_company_ritual_step (id, applicant_group_id, transportation_type_code, step_index, step_code, time, location_lat, location_lng, location_name_ar, location_name_en, creation_date, update_date) VALUES (22, 6, N'TRAIN', 2, N'HOTEL',  dateadd(yy, -1, getdate() + 1), 21.43001447,39.81635685, N'مكة', N'Makkah',  dateadd(yy, -1, getdate()), null);
INSERT INTO shc_portal.shc_portal.shc_company_ritual_step (id, applicant_group_id, transportation_type_code, step_index, step_code, time, location_lat, location_lng, location_name_ar, location_name_en, creation_date, update_date) VALUES (23, 6, N'BUS', 3, N'FOR_UMRAH',  dateadd(yy, -1, getdate() + 2), 21.43001447,39.81635685, N'مكة', N'Makkah',  dateadd(yy, -1, getdate()), null);
INSERT INTO shc_portal.shc_portal.shc_company_ritual_step (id, applicant_group_id, transportation_type_code, step_index, step_code, time, location_lat, location_lng, location_name_ar, location_name_en, creation_date, update_date) VALUES (24, 6, N'BUS', 4, N'FOR_MADINA',  dateadd(yy, -1, getdate() + 3), 21.41257841,39.82783978, N'مدينة', N'Madina',  dateadd(yy, -1, getdate()), null);
INSERT INTO shc_portal.shc_portal.shc_company_ritual_step (id, applicant_group_id, transportation_type_code, step_index, step_code, time, location_lat, location_lng, location_name_ar, location_name_en, creation_date, update_date) VALUES (25, 7, N'AIRPLANE', 1, N'ARRIVE_TO_KSA',  dateadd(yy, -1, getdate()), 21.66140049,39.17382223, N'جدة', N'Jeddah',  dateadd(yy, -1, getdate()), null);
INSERT INTO shc_portal.shc_portal.shc_company_ritual_step (id, applicant_group_id, transportation_type_code, step_index, step_code, time, location_lat, location_lng, location_name_ar, location_name_en, creation_date, update_date) VALUES (26, 7, N'TRAIN', 2, N'HOTEL',  dateadd(yy, -1, getdate() + 1), 21.43001447,39.81635685, N'مكة', N'Makkah',  dateadd(yy, -1, getdate()), null);
INSERT INTO shc_portal.shc_portal.shc_company_ritual_step (id, applicant_group_id, transportation_type_code, step_index, step_code, time, location_lat, location_lng, location_name_ar, location_name_en, creation_date, update_date) VALUES (27, 7, N'BUS', 3, N'FOR_UMRAH',  dateadd(yy, -1, getdate() + 2), 21.43001447,39.81635685, N'مكة', N'Makkah',  dateadd(yy, -1, getdate()), null);
INSERT INTO shc_portal.shc_portal.shc_company_ritual_step (id, applicant_group_id, transportation_type_code, step_index, step_code, time, location_lat, location_lng, location_name_ar, location_name_en, creation_date, update_date) VALUES (28, 7, N'BUS', 4, N'FOR_MADINA',  dateadd(yy, -1, getdate() + 3), 21.41257841,39.82783978, N'مدينة', N'Madina',  dateadd(yy, -1, getdate()), null);
INSERT INTO shc_portal.shc_portal.shc_company_ritual_step (id, applicant_group_id, transportation_type_code, step_index, step_code, time, location_lat, location_lng, location_name_ar, location_name_en, creation_date, update_date) VALUES (29, 8, N'AIRPLANE', 1, N'ARRIVE_TO_KSA',  dateadd(yy, -1, getdate()), 21.66140049,39.17382223, N'جدة', N'Jeddah',  dateadd(yy, -1, getdate()), null);
INSERT INTO shc_portal.shc_portal.shc_company_ritual_step (id, applicant_group_id, transportation_type_code, step_index, step_code, time, location_lat, location_lng, location_name_ar, location_name_en, creation_date, update_date) VALUES (30, 8, N'TRAIN', 2, N'HOTEL',  dateadd(yy, -1, getdate() + 1), 21.43001447,39.81635685, N'مكة', N'Makkah',  dateadd(yy, -1, getdate()), null);
INSERT INTO shc_portal.shc_portal.shc_company_ritual_step (id, applicant_group_id, transportation_type_code, step_index, step_code, time, location_lat, location_lng, location_name_ar, location_name_en, creation_date, update_date) VALUES (31, 8, N'BUS', 3, N'FOR_UMRAH',  dateadd(yy, -1, getdate() + 2), 21.43001447,39.81635685, N'مكة', N'Makkah',  dateadd(yy, -1, getdate()), null);
INSERT INTO shc_portal.shc_portal.shc_company_ritual_step (id, applicant_group_id, transportation_type_code, step_index, step_code, time, location_lat, location_lng, location_name_ar, location_name_en, creation_date, update_date) VALUES (32, 8, N'BUS', 4, N'FOR_MADINA',  dateadd(yy, -1, getdate() + 3), 21.41257841,39.82783978, N'مدينة', N'Madina',  dateadd(yy, -1, getdate()), null);
INSERT INTO shc_portal.shc_portal.shc_company_ritual_step (id, applicant_group_id, transportation_type_code, step_index, step_code, time, location_lat, location_lng, location_name_ar, location_name_en, creation_date, update_date) VALUES (33, 9, N'AIRPLANE', 1, N'ARRIVE_TO_KSA',  dateadd(yy, -1, getdate()), 21.66140049,39.17382223, N'جدة', N'Jeddah',  dateadd(yy, -1, getdate()), null);
INSERT INTO shc_portal.shc_portal.shc_company_ritual_step (id, applicant_group_id, transportation_type_code, step_index, step_code, time, location_lat, location_lng, location_name_ar, location_name_en, creation_date, update_date) VALUES (34, 9, N'TRAIN', 2, N'HOTEL',  dateadd(yy, -1, getdate() + 1), 21.43001447,39.81635685, N'مكة', N'Makkah',  dateadd(yy, -1, getdate()), null);
INSERT INTO shc_portal.shc_portal.shc_company_ritual_step (id, applicant_group_id, transportation_type_code, step_index, step_code, time, location_lat, location_lng, location_name_ar, location_name_en, creation_date, update_date) VALUES (35, 9, N'BUS', 3, N'FOR_UMRAH',  dateadd(yy, -1, getdate() + 2), 21.43001447,39.81635685, N'مكة', N'Makkah',  dateadd(yy, -1, getdate()), null);
INSERT INTO shc_portal.shc_portal.shc_company_ritual_step (id, applicant_group_id, transportation_type_code, step_index, step_code, time, location_lat, location_lng, location_name_ar, location_name_en, creation_date, update_date) VALUES (36, 9, N'BUS', 4, N'FOR_MADINA',  dateadd(yy, -1, getdate() + 3), 21.41257841,39.82783978, N'مدينة', N'Madina',  dateadd(yy, -1, getdate()), null);
INSERT INTO shc_portal.shc_portal.shc_company_ritual_step (id, applicant_group_id, transportation_type_code, step_index, step_code, time, location_lat, location_lng, location_name_ar, location_name_en, creation_date, update_date) VALUES (37, 10, N'AIRPLANE', 1, N'ARRIVE_TO_KSA',  dateadd(yy, -1, getdate()), 21.66140049,39.17382223, N'جدة', N'Jeddah',  dateadd(yy, -1, getdate()), null);
INSERT INTO shc_portal.shc_portal.shc_company_ritual_step (id, applicant_group_id, transportation_type_code, step_index, step_code, time, location_lat, location_lng, location_name_ar, location_name_en, creation_date, update_date) VALUES (38, 10, N'TRAIN', 2, N'HOTEL',  dateadd(yy, -1, getdate() + 1), 21.43001447,39.81635685, N'مكة', N'Makkah',  dateadd(yy, -1, getdate()), null);
INSERT INTO shc_portal.shc_portal.shc_company_ritual_step (id, applicant_group_id, transportation_type_code, step_index, step_code, time, location_lat, location_lng, location_name_ar, location_name_en, creation_date, update_date) VALUES (39, 10, N'BUS', 3, N'FOR_UMRAH',  dateadd(yy, -1, getdate() + 2), 21.43001447,39.81635685, N'مكة', N'Makkah',  dateadd(yy, -1, getdate()), null);
INSERT INTO shc_portal.shc_portal.shc_company_ritual_step (id, applicant_group_id, transportation_type_code, step_index, step_code, time, location_lat, location_lng, location_name_ar, location_name_en, creation_date, update_date) VALUES (40, 10, N'BUS', 4, N'FOR_MADINA',  dateadd(yy, -1, getdate() + 3), 21.41257841,39.82783978, N'مدينة', N'Madina',  dateadd(yy, -1, getdate()), null);
SET IDENTITY_INSERT shc_portal.shc_company_ritual_step OFF;
GO

----------------      shc_ritual_package           --------------------------------------
delete from  shc_portal.shc_portal.shc_ritual_package where id > 0
    GO
SET IDENTITY_INSERT shc_portal.shc_ritual_package ON;
GO
INSERT INTO shc_portal.shc_portal.shc_ritual_package (id, type_code, reference_number, price, departure_city, country_id, creation_date, update_date, company_ritual_season_id, start_date, end_date) VALUES (1, N'INTERNAL_HAJJ', N'INTERNALHAJJ43', 100, null, 1, GETDATE(), null, 1, GETDATE() - 1,GETDATE() + 14);
INSERT INTO shc_portal.shc_portal.shc_ritual_package (id, type_code, reference_number, price, departure_city, country_id, creation_date, update_date, company_ritual_season_id, start_date, end_date) VALUES (2, N'EXTERNAL_HAJJ', N'EXTERNALHAJJ43', 100, null, 1, GETDATE(), null, 2, GETDATE() - 1,GETDATE() + 14);
INSERT INTO shc_portal.shc_portal.shc_ritual_package (id, type_code, reference_number, price, departure_city, country_id, creation_date, update_date, company_ritual_season_id, start_date, end_date) VALUES (3, N'EXTERNAL_UMRAH', N'EXTERNALUMRAH43', 100, null, 1, GETDATE(), null, 3, GETDATE() - 1,GETDATE() + 14);
INSERT INTO shc_portal.shc_portal.shc_ritual_package (id, type_code, reference_number, price, departure_city, country_id, creation_date, update_date, company_ritual_season_id, start_date, end_date) VALUES (4, N'INTERNAL_UMRAH', N'INTERNALUMRAH43', 100, null, 1, GETDATE(), null, 4, GETDATE() - 1,GETDATE() + 14);
INSERT INTO shc_portal.shc_portal.shc_ritual_package (id, type_code, reference_number, price, departure_city, country_id, creation_date, update_date, company_ritual_season_id, start_date, end_date) VALUES (5, N'COURTESY_HAJJ', N'COURTESYHAJJ43', 100, null, 1, GETDATE(), null, 5, GETDATE() - 1,GETDATE() + 14);
INSERT INTO shc_portal.shc_portal.shc_ritual_package (id, type_code, reference_number, price, departure_city, country_id, creation_date, update_date, company_ritual_season_id, start_date, end_date) VALUES (6, N'INTERNAL_HAJJ', N'INTERNALHAJJ42', 100, null, 1, GETDATE(), null, 6, dateadd(yy, -1, getdate() -1),  dateadd(yy, -1, getdate() + 14) );
INSERT INTO shc_portal.shc_portal.shc_ritual_package (id, type_code, reference_number, price, departure_city, country_id, creation_date, update_date, company_ritual_season_id, start_date, end_date) VALUES (7, N'EXTERNAL_HAJJ', N'EXTERNALHAJJ42', 100, null, 1, GETDATE(), null, 7,dateadd(yy, -1, getdate() -1), dateadd(yy, -1, getdate() + 14));
INSERT INTO shc_portal.shc_portal.shc_ritual_package (id, type_code, reference_number, price, departure_city, country_id, creation_date, update_date, company_ritual_season_id, start_date, end_date) VALUES (8, N'EXTERNAL_UMRAH', N'EXTERNALUMRAH42', 100, null, 1, GETDATE(), null, 8, dateadd(yy, -1, getdate() -1), dateadd(yy, -1, getdate() + 14));
INSERT INTO shc_portal.shc_portal.shc_ritual_package (id, type_code, reference_number, price, departure_city, country_id, creation_date, update_date, company_ritual_season_id, start_date, end_date) VALUES (9, N'INTERNAL_UMRAH', N'INTERNALUMRAH42', 100, null, 1, GETDATE(), null, 9, dateadd(yy, -1, getdate() -1), dateadd(yy, -1, getdate() + 14));
INSERT INTO shc_portal.shc_portal.shc_ritual_package (id, type_code, reference_number, price, departure_city, country_id, creation_date, update_date, company_ritual_season_id, start_date, end_date) VALUES (10, N'COURTESY_HAJJ', N'COURTESYHAJJ42', 100, null, 1, GETDATE(), null, 10, dateadd(yy, -1, getdate() -1), dateadd(yy, -1, getdate() + 14));
SET IDENTITY_INSERT shc_portal.shc_ritual_package OFF;
GO
----------------      shc_package_housing           --------------------------------------
delete from  shc_portal.shc_portal.shc_package_housing where id > 0
    GO
SET IDENTITY_INSERT shc_portal.shc_package_housing ON;
GO
INSERT INTO shc_portal.shc_portal.shc_package_housing (id, package_id, zone_id, reference_number, category_code, type_code, site_code, location_name_ar, location_name_en, validity_start, validity_end, address_ar, address_en, is_default, creation_date, update_date, lat, lng) VALUES (1, 1, 1, N'434311', N'A', N'HOTEL', N'MAKKAH', N'فندق دار التوحيد', N'Dar al Tawhid HOTEL', GETDATE(),GETDATE() + 3, N'شارع ابراهيم الخليل ،مكة المكرمة', N'Ibrahim El Khalil Street, Makkah', 1,GETDATE(), null, 21.41691157, 39.89633679);
INSERT INTO shc_portal.shc_portal.shc_package_housing (id, package_id, zone_id, reference_number, category_code, type_code, site_code, location_name_ar, location_name_en, validity_start, validity_end, address_ar, address_en, is_default, creation_date, update_date, lat, lng) VALUES (2, 1, 1, N'434321', N'A', N'APARTMENT', N'ARAFAT', N'شقق دار التوحيد', N'Dar al Tawhid Apartment', GETDATE() + 4,GETDATE() + 8, N'مخيمات منى ،مكة المكرمة', N'Ibrahim El Khalil Street, Makkah', 1,GETDATE(), null, 21.41691157, 39.89633679);
INSERT INTO shc_portal.shc_portal.shc_package_housing (id, package_id, zone_id, reference_number, category_code, type_code, site_code, location_name_ar, location_name_en, validity_start, validity_end, address_ar, address_en, is_default, creation_date, update_date, lat, lng) VALUES (3, 1, 1, N'43431', N'A', N'CAMP', N'MENA', N'مخيم دار التوحيد', N'Dar al Tawhid Camps', GETDATE() + 9 ,GETDATE() + 14, N'مخيمات عرفات ،مكة المكرمة', N'Ibrahim El Khalil Street, Makkah', 1,GETDATE(), null, 21.41691157, 39.89633679);
INSERT INTO shc_portal.shc_portal.shc_package_housing (id, package_id, zone_id, reference_number, category_code, type_code, site_code, location_name_ar, location_name_en, validity_start, validity_end, address_ar, address_en, is_default, creation_date, update_date, lat, lng) VALUES (4, 2, 1, N'434312', N'A', N'HOTEL', N'MAKKAH', N'فندق دار التوحيد', N'Dar al Tawhid HOTEL', GETDATE(),GETDATE() + 3, N'شارع ابراهيم الخليل ،مكة المكرمة', N'Ibrahim El Khalil Street, Makkah', 1,GETDATE(), null, 21.41691157, 39.89633679);
INSERT INTO shc_portal.shc_portal.shc_package_housing (id, package_id, zone_id, reference_number, category_code, type_code, site_code, location_name_ar, location_name_en, validity_start, validity_end, address_ar, address_en, is_default, creation_date, update_date, lat, lng) VALUES (5, 2, 1, N'434322', N'A', N'APARTMENT', N'ARAFAT', N'شقق دار التوحيد', N'Dar al Tawhid Apartment', GETDATE() + 4,GETDATE() + 8, N'مخيمات منى ،مكة المكرمة', N'Ibrahim El Khalil Street, Makkah', 1,GETDATE(), null, 21.41691157, 39.89633679);
INSERT INTO shc_portal.shc_portal.shc_package_housing (id, package_id, zone_id, reference_number, category_code, type_code, site_code, location_name_ar, location_name_en, validity_start, validity_end, address_ar, address_en, is_default, creation_date, update_date, lat, lng) VALUES (6, 2, 1, N'43432', N'A', N'CAMP', N'MENA', N'مخيم دار التوحيد', N'Dar al Tawhid Camps', GETDATE() + 9 ,GETDATE() + 14, N'مخيمات عرفات ،مكة المكرمة', N'Ibrahim El Khalil Street, Makkah', 1,GETDATE(), null, 21.41691157, 39.89633679);
INSERT INTO shc_portal.shc_portal.shc_package_housing (id, package_id, zone_id, reference_number, category_code, type_code, site_code, location_name_ar, location_name_en, validity_start, validity_end, address_ar, address_en, is_default, creation_date, update_date, lat, lng) VALUES (7, 3, 1, N'434313', N'A', N'HOTEL', N'MAKKAH', N'فندق دار التوحيد', N'Dar al Tawhid HOTEL', GETDATE(),GETDATE() + 3, N'شارع ابراهيم الخليل ،مكة المكرمة', N'Ibrahim El Khalil Street, Makkah', 1,GETDATE(), null, 21.41691157, 39.89633679);
INSERT INTO shc_portal.shc_portal.shc_package_housing (id, package_id, zone_id, reference_number, category_code, type_code, site_code, location_name_ar, location_name_en, validity_start, validity_end, address_ar, address_en, is_default, creation_date, update_date, lat, lng) VALUES (8, 3, 1, N'434323', N'A', N'APARTMENT', N'ARAFAT', N'شقق دار التوحيد', N'Dar al Tawhid Apartment', GETDATE() + 4,GETDATE() + 8, N'مخيمات منى ،مكة المكرمة', N'Ibrahim El Khalil Street, Makkah', 1,GETDATE(), null, 21.41691157, 39.89633679);
INSERT INTO shc_portal.shc_portal.shc_package_housing (id, package_id, zone_id, reference_number, category_code, type_code, site_code, location_name_ar, location_name_en, validity_start, validity_end, address_ar, address_en, is_default, creation_date, update_date, lat, lng) VALUES (9, 3, 1, N'43433', N'A', N'CAMP', N'MENA', N'مخيم دار التوحيد', N'Dar al Tawhid Camps', GETDATE() + 9 ,GETDATE() + 14, N'مخيمات عرفات ،مكة المكرمة', N'Ibrahim El Khalil Street, Makkah', 1,GETDATE(), null, 21.41691157, 39.89633679);
INSERT INTO shc_portal.shc_portal.shc_package_housing (id, package_id, zone_id, reference_number, category_code, type_code, site_code, location_name_ar, location_name_en, validity_start, validity_end, address_ar, address_en, is_default, creation_date, update_date, lat, lng) VALUES (10, 4, 1, N'434314', N'A', N'HOTEL', N'MAKKAH', N'فندق دار التوحيد', N'Dar al Tawhid HOTEL', GETDATE(),GETDATE() + 3, N'شارع ابراهيم الخليل ،مكة المكرمة', N'Ibrahim El Khalil Street, Makkah', 1,GETDATE(), null, 21.41691157, 39.89633679);
INSERT INTO shc_portal.shc_portal.shc_package_housing (id, package_id, zone_id, reference_number, category_code, type_code, site_code, location_name_ar, location_name_en, validity_start, validity_end, address_ar, address_en, is_default, creation_date, update_date, lat, lng) VALUES (11, 4, 1, N'434324', N'A', N'APARTMENT', N'ARAFAT', N'شقق دار التوحيد', N'Dar al Tawhid Apartment', GETDATE() + 4,GETDATE() + 8, N'مخيمات منى ،مكة المكرمة', N'Ibrahim El Khalil Street, Makkah', 1,GETDATE(), null, 21.41691157, 39.89633679);
INSERT INTO shc_portal.shc_portal.shc_package_housing (id, package_id, zone_id, reference_number, category_code, type_code, site_code, location_name_ar, location_name_en, validity_start, validity_end, address_ar, address_en, is_default, creation_date, update_date, lat, lng) VALUES (12, 4, 1, N'43434', N'A', N'CAMP', N'MENA', N'مخيم دار التوحيد', N'Dar al Tawhid Camps', GETDATE() + 9 ,GETDATE() + 14, N'مخيمات عرفات ،مكة المكرمة', N'Ibrahim El Khalil Street, Makkah', 1,GETDATE(), null, 21.41691157, 39.89633679);
INSERT INTO shc_portal.shc_portal.shc_package_housing (id, package_id, zone_id, reference_number, category_code, type_code, site_code, location_name_ar, location_name_en, validity_start, validity_end, address_ar, address_en, is_default, creation_date, update_date, lat, lng) VALUES (13, 5, 1, N'434315', N'A', N'HOTEL', N'MAKKAH', N'فندق دار التوحيد', N'Dar al Tawhid HOTEL', GETDATE(),GETDATE() + 3, N'شارع ابراهيم الخليل ،مكة المكرمة', N'Ibrahim El Khalil Street, Makkah', 1,GETDATE(), null, 21.41691157, 39.89633679);
INSERT INTO shc_portal.shc_portal.shc_package_housing (id, package_id, zone_id, reference_number, category_code, type_code, site_code, location_name_ar, location_name_en, validity_start, validity_end, address_ar, address_en, is_default, creation_date, update_date, lat, lng) VALUES (14, 5, 1, N'434325', N'A', N'APARTMENT', N'ARAFAT', N'شقق دار التوحيد', N'Dar al Tawhid Apartment', GETDATE() + 4,GETDATE() + 8, N'مخيمات منى ،مكة المكرمة', N'Ibrahim El Khalil Street, Makkah', 1,GETDATE(), null, 21.41691157, 39.89633679);
INSERT INTO shc_portal.shc_portal.shc_package_housing (id, package_id, zone_id, reference_number, category_code, type_code, site_code, location_name_ar, location_name_en, validity_start, validity_end, address_ar, address_en, is_default, creation_date, update_date, lat, lng) VALUES (15, 5, 1, N'43435', N'A', N'CAMP', N'MENA', N'مخيم دار التوحيد', N'Dar al Tawhid Camps', GETDATE() + 9 ,GETDATE() + 14, N'مخيمات عرفات ،مكة المكرمة', N'Ibrahim El Khalil Street, Makkah', 1,GETDATE(), null, 21.41691157, 39.89633679);
INSERT INTO shc_portal.shc_portal.shc_package_housing (id, package_id, zone_id, reference_number, category_code, type_code, site_code, location_name_ar, location_name_en, validity_start, validity_end, address_ar, address_en, is_default, creation_date, update_date, lat, lng) VALUES (16, 6, 1, N'424216', N'A', N'HOTEL', N'MAKKAH', N'فندق دار التوحيد', N'Dar al Tawhid HOTEL',  dateadd(yy, -1, getdate() +1),  dateadd(yy, -1, getdate() + 3) , N'شارع ابراهيم الخليل ،مكة المكرمة', N'Ibrahim El Khalil Street, Makkah', 1,GETDATE(), null, 21.41691157, 39.89633679);
INSERT INTO shc_portal.shc_portal.shc_package_housing (id, package_id, zone_id, reference_number, category_code, type_code, site_code, location_name_ar, location_name_en, validity_start, validity_end, address_ar, address_en, is_default, creation_date, update_date, lat, lng) VALUES (17, 6, 1, N'424226', N'A', N'APARTMENT', N'ARAFAT', N'شقق دار التوحيد', N'Dar al Tawhid Apartment',  dateadd(yy, -1, getdate() + 4) ,  dateadd(yy, -1, getdate() + 8), N'مخيمات منى ،مكة المكرمة', N'Ibrahim El Khalil Street, Makkah', 1,GETDATE(), null, 21.41691157, 39.89633679);
INSERT INTO shc_portal.shc_portal.shc_package_housing (id, package_id, zone_id, reference_number, category_code, type_code, site_code, location_name_ar, location_name_en, validity_start, validity_end, address_ar, address_en, is_default, creation_date, update_date, lat, lng) VALUES (18, 6, 1, N'42426', N'A', N'CAMP', N'MENA', N'مخيم دار التوحيد', N'Dar al Tawhid Camps',  dateadd(yy, -1, getdate() + 9) ,  dateadd(yy, -1, getdate() + 14) , N'مخيمات عرفات ،مكة المكرمة', N'Ibrahim El Khalil Street, Makkah', 1,GETDATE(), null, 21.41691157, 39.89633679);
INSERT INTO shc_portal.shc_portal.shc_package_housing (id, package_id, zone_id, reference_number, category_code, type_code, site_code, location_name_ar, location_name_en, validity_start, validity_end, address_ar, address_en, is_default, creation_date, update_date, lat, lng) VALUES (19, 7, 1, N'424217', N'A', N'HOTEL', N'MAKKAH', N'فندق دار التوحيد', N'Dar al Tawhid HOTEL',  dateadd(yy, -1, getdate() +1),  dateadd(yy, -1, getdate() + 3) , N'شارع ابراهيم الخليل ،مكة المكرمة', N'Ibrahim El Khalil Street, Makkah', 1,GETDATE(), null, 21.41691157, 39.89633679);
INSERT INTO shc_portal.shc_portal.shc_package_housing (id, package_id, zone_id, reference_number, category_code, type_code, site_code, location_name_ar, location_name_en, validity_start, validity_end, address_ar, address_en, is_default, creation_date, update_date, lat, lng) VALUES (20, 7, 1, N'424227', N'A', N'APARTMENT', N'ARAFAT', N'شقق دار التوحيد', N'Dar al Tawhid Apartment',  dateadd(yy, -1, getdate() + 4) ,  dateadd(yy, -1, getdate() + 8), N'مخيمات منى ،مكة المكرمة', N'Ibrahim El Khalil Street, Makkah', 1,GETDATE(), null, 21.41691157, 39.89633679);
INSERT INTO shc_portal.shc_portal.shc_package_housing (id, package_id, zone_id, reference_number, category_code, type_code, site_code, location_name_ar, location_name_en, validity_start, validity_end, address_ar, address_en, is_default, creation_date, update_date, lat, lng) VALUES (21, 7, 1, N'42427', N'A', N'CAMP', N'MENA', N'مخيم دار التوحيد', N'Dar al Tawhid Camps',  dateadd(yy, -1, getdate() + 9) ,  dateadd(yy, -1, getdate() + 14) , N'مخيمات عرفات ،مكة المكرمة', N'Ibrahim El Khalil Street, Makkah', 1,GETDATE(), null, 21.41691157, 39.89633679);
INSERT INTO shc_portal.shc_portal.shc_package_housing (id, package_id, zone_id, reference_number, category_code, type_code, site_code, location_name_ar, location_name_en, validity_start, validity_end, address_ar, address_en, is_default, creation_date, update_date, lat, lng) VALUES (22, 8, 1, N'424218', N'A', N'HOTEL', N'MAKKAH', N'فندق دار التوحيد', N'Dar al Tawhid HOTEL',  dateadd(yy, -1, getdate() +1),  dateadd(yy, -1, getdate() + 3) , N'شارع ابراهيم الخليل ،مكة المكرمة', N'Ibrahim El Khalil Street, Makkah', 1,GETDATE(), null, 21.41691157, 39.89633679);
INSERT INTO shc_portal.shc_portal.shc_package_housing (id, package_id, zone_id, reference_number, category_code, type_code, site_code, location_name_ar, location_name_en, validity_start, validity_end, address_ar, address_en, is_default, creation_date, update_date, lat, lng) VALUES (23, 8, 1, N'424228', N'A', N'APARTMENT', N'ARAFAT', N'شقق دار التوحيد', N'Dar al Tawhid Apartment',  dateadd(yy, -1, getdate() + 4) ,  dateadd(yy, -1, getdate() + 8), N'مخيمات منى ،مكة المكرمة', N'Ibrahim El Khalil Street, Makkah', 1,GETDATE(), null, 21.41691157, 39.89633679);
INSERT INTO shc_portal.shc_portal.shc_package_housing (id, package_id, zone_id, reference_number, category_code, type_code, site_code, location_name_ar, location_name_en, validity_start, validity_end, address_ar, address_en, is_default, creation_date, update_date, lat, lng) VALUES (24, 8, 1, N'42428', N'A', N'CAMP', N'MENA', N'مخيم دار التوحيد', N'Dar al Tawhid Camps',  dateadd(yy, -1, getdate() + 9) ,  dateadd(yy, -1, getdate() + 14) , N'مخيمات عرفات ،مكة المكرمة', N'Ibrahim El Khalil Street, Makkah', 1,GETDATE(), null, 21.41691157, 39.89633679);
INSERT INTO shc_portal.shc_portal.shc_package_housing (id, package_id, zone_id, reference_number, category_code, type_code, site_code, location_name_ar, location_name_en, validity_start, validity_end, address_ar, address_en, is_default, creation_date, update_date, lat, lng) VALUES (25, 9, 1, N'424219', N'A', N'HOTEL', N'MAKKAH', N'فندق دار التوحيد', N'Dar al Tawhid HOTEL',  dateadd(yy, -1, getdate() +1),  dateadd(yy, -1, getdate() + 3) , N'شارع ابراهيم الخليل ،مكة المكرمة', N'Ibrahim El Khalil Street, Makkah', 1,GETDATE(), null, 21.41691157, 39.89633679);
INSERT INTO shc_portal.shc_portal.shc_package_housing (id, package_id, zone_id, reference_number, category_code, type_code, site_code, location_name_ar, location_name_en, validity_start, validity_end, address_ar, address_en, is_default, creation_date, update_date, lat, lng) VALUES (26, 9, 1, N'424229', N'A', N'APARTMENT', N'ARAFAT', N'شقق دار التوحيد', N'Dar al Tawhid Apartment',  dateadd(yy, -1, getdate() + 4) ,  dateadd(yy, -1, getdate() + 8), N'مخيمات منى ،مكة المكرمة', N'Ibrahim El Khalil Street, Makkah', 1,GETDATE(), null, 21.41691157, 39.89633679);
INSERT INTO shc_portal.shc_portal.shc_package_housing (id, package_id, zone_id, reference_number, category_code, type_code, site_code, location_name_ar, location_name_en, validity_start, validity_end, address_ar, address_en, is_default, creation_date, update_date, lat, lng) VALUES (27, 9, 1, N'42429', N'A', N'CAMP', N'MENA', N'مخيم دار التوحيد', N'Dar al Tawhid Camps',  dateadd(yy, -1, getdate() + 9) ,  dateadd(yy, -1, getdate() + 14) , N'مخيمات عرفات ،مكة المكرمة', N'Ibrahim El Khalil Street, Makkah', 1,GETDATE(), null, 21.41691157, 39.89633679);
INSERT INTO shc_portal.shc_portal.shc_package_housing (id, package_id, zone_id, reference_number, category_code, type_code, site_code, location_name_ar, location_name_en, validity_start, validity_end, address_ar, address_en, is_default, creation_date, update_date, lat, lng) VALUES (28, 10, 1, N'4242111', N'A', N'HOTEL', N'MAKKAH', N'فندق دار التوحيد', N'Dar al Tawhid HOTEL',  dateadd(yy, -1, getdate() +1),  dateadd(yy, -1, getdate() + 3) , N'شارع ابراهيم الخليل ،مكة المكرمة', N'Ibrahim El Khalil Street, Makkah', 1,GETDATE(), null, 21.41691157, 39.89633679);
INSERT INTO shc_portal.shc_portal.shc_package_housing (id, package_id, zone_id, reference_number, category_code, type_code, site_code, location_name_ar, location_name_en, validity_start, validity_end, address_ar, address_en, is_default, creation_date, update_date, lat, lng) VALUES (29, 10, 1, N'4242211', N'A', N'APARTMENT', N'ARAFAT', N'شقق دار التوحيد', N'Dar al Tawhid Apartment',  dateadd(yy, -1, getdate() + 4) ,  dateadd(yy, -1, getdate() + 8), N'مخيمات منى ،مكة المكرمة', N'Ibrahim El Khalil Street, Makkah', 1,GETDATE(), null, 21.41691157, 39.89633679);
INSERT INTO shc_portal.shc_portal.shc_package_housing (id, package_id, zone_id, reference_number, category_code, type_code, site_code, location_name_ar, location_name_en, validity_start, validity_end, address_ar, address_en, is_default, creation_date, update_date, lat, lng) VALUES (30, 10, 1, N'424211', N'A', N'CAMP', N'MENA', N'مخيم دار التوحيد', N'Dar al Tawhid Camps',  dateadd(yy, -1, getdate() + 9),  dateadd(yy, -1, getdate() + 14) , N'مخيمات عرفات ،مكة المكرمة', N'Ibrahim El Khalil Street, Makkah', 1,GETDATE(), null, 21.41691157, 39.89633679);
SET IDENTITY_INSERT shc_portal.shc_package_housing OFF;
GO

----------------      shc_package_transportation           --------------------------------------
delete from  shc_portal.shc_portal.shc_package_transportation where id > 0
    GO
SET IDENTITY_INSERT shc_portal.shc_package_transportation ON;
GO
INSERT INTO shc_portal.shc_portal.shc_package_transportation (id, package_id, type_code, validity_start, validity_end, location_from_name_ar, location_from_name_en, location_to_name_ar, location_to_name_en, ritual_step_code, creation_date, update_date) VALUES (1, 1, N'AIRPLANE',GETDATE(),GETDATE(),N'الرياض', N'Riyadh', N'جدة', N'Jeddah', N'ARRIVE_TO_KSA',GETDATE(),null);
INSERT INTO shc_portal.shc_portal.shc_package_transportation (id, package_id, type_code, validity_start, validity_end, location_from_name_ar, location_from_name_en, location_to_name_ar, location_to_name_en, ritual_step_code, creation_date, update_date) VALUES (2, 1, N'TRAIN',GETDATE() + 1, GETDATE() + 4,N'جدة', N'Jeddah', N'مكة', N'Makkah', N'HOTEL',GETDATE(),null);
INSERT INTO shc_portal.shc_portal.shc_package_transportation (id, package_id, type_code, validity_start, validity_end, location_from_name_ar, location_from_name_en, location_to_name_ar, location_to_name_en, ritual_step_code, creation_date, update_date) VALUES (3, 1, N'BUS',GETDATE() + 4, GETDATE() + 7,N'جدة', N'Jeddah', N'مكه', N'Macka', N'FOR_UMRAH',GETDATE(),null);
INSERT INTO shc_portal.shc_portal.shc_package_transportation (id, package_id, type_code, validity_start, validity_end, location_from_name_ar, location_from_name_en, location_to_name_ar, location_to_name_en, ritual_step_code, creation_date, update_date) VALUES (4, 1, N'BUS',GETDATE() + 7, GETDATE() + 11,N'مكه', N'Macka', N'المدينة', N'Madina', N'FOR_MADINA',GETDATE(),null);
INSERT INTO shc_portal.shc_portal.shc_package_transportation (id, package_id, type_code, validity_start, validity_end, location_from_name_ar, location_from_name_en, location_to_name_ar, location_to_name_en, ritual_step_code, creation_date, update_date) VALUES (5, 2, N'AIRPLANE',GETDATE(),GETDATE(),N'الرياض', N'Riyadh', N'جدة', N'Jeddah', N'ARRIVE_TO_KSA',GETDATE(),null);
INSERT INTO shc_portal.shc_portal.shc_package_transportation (id, package_id, type_code, validity_start, validity_end, location_from_name_ar, location_from_name_en, location_to_name_ar, location_to_name_en, ritual_step_code, creation_date, update_date) VALUES (6, 2, N'TRAIN',GETDATE() + 1, GETDATE() + 4,N'جدة', N'Jeddah', N'مكة', N'Makkah', N'HOTEL',GETDATE(),null);
INSERT INTO shc_portal.shc_portal.shc_package_transportation (id, package_id, type_code, validity_start, validity_end, location_from_name_ar, location_from_name_en, location_to_name_ar, location_to_name_en, ritual_step_code, creation_date, update_date) VALUES (7, 2, N'BUS',GETDATE() + 4, GETDATE() + 7,N'جدة', N'Jeddah', N'مكه', N'Macka', N'FOR_UMRAH',GETDATE(),null);
INSERT INTO shc_portal.shc_portal.shc_package_transportation (id, package_id, type_code, validity_start, validity_end, location_from_name_ar, location_from_name_en, location_to_name_ar, location_to_name_en, ritual_step_code, creation_date, update_date) VALUES (8, 2, N'BUS',GETDATE() + 7, GETDATE() + 11,N'مكه', N'Macka', N'المدينة', N'Madina', N'FOR_MADINA',GETDATE(),null);
INSERT INTO shc_portal.shc_portal.shc_package_transportation (id, package_id, type_code, validity_start, validity_end, location_from_name_ar, location_from_name_en, location_to_name_ar, location_to_name_en, ritual_step_code, creation_date, update_date) VALUES (9, 3, N'AIRPLANE',GETDATE(),GETDATE(),N'الرياض', N'Riyadh', N'جدة', N'Jeddah', N'ARRIVE_TO_KSA',GETDATE(),null);
INSERT INTO shc_portal.shc_portal.shc_package_transportation (id, package_id, type_code, validity_start, validity_end, location_from_name_ar, location_from_name_en, location_to_name_ar, location_to_name_en, ritual_step_code, creation_date, update_date) VALUES (10, 3, N'TRAIN',GETDATE() + 1, GETDATE() + 4,N'جدة', N'Jeddah', N'مكة', N'Makkah', N'HOTEL',GETDATE(),null);
INSERT INTO shc_portal.shc_portal.shc_package_transportation (id, package_id, type_code, validity_start, validity_end, location_from_name_ar, location_from_name_en, location_to_name_ar, location_to_name_en, ritual_step_code, creation_date, update_date) VALUES (11, 3, N'BUS',GETDATE() + 4, GETDATE() + 7,N'جدة', N'Jeddah', N'مكه', N'Macka', N'FOR_UMRAH',GETDATE(),null);
INSERT INTO shc_portal.shc_portal.shc_package_transportation (id, package_id, type_code, validity_start, validity_end, location_from_name_ar, location_from_name_en, location_to_name_ar, location_to_name_en, ritual_step_code, creation_date, update_date) VALUES (12, 3, N'BUS',GETDATE() + 7, GETDATE() + 11,N'مكه', N'Macka', N'المدينة', N'Madina', N'FOR_MADINA',GETDATE(),null);
INSERT INTO shc_portal.shc_portal.shc_package_transportation (id, package_id, type_code, validity_start, validity_end, location_from_name_ar, location_from_name_en, location_to_name_ar, location_to_name_en, ritual_step_code, creation_date, update_date) VALUES (13, 4, N'AIRPLANE',GETDATE(),GETDATE(),N'الرياض', N'Riyadh', N'جدة', N'Jeddah', N'ARRIVE_TO_KSA',GETDATE(),null);
INSERT INTO shc_portal.shc_portal.shc_package_transportation (id, package_id, type_code, validity_start, validity_end, location_from_name_ar, location_from_name_en, location_to_name_ar, location_to_name_en, ritual_step_code, creation_date, update_date) VALUES (14, 4, N'TRAIN',GETDATE() + 1, GETDATE() + 4,N'جدة', N'Jeddah', N'مكة', N'Makkah', N'HOTEL',GETDATE(),null);
INSERT INTO shc_portal.shc_portal.shc_package_transportation (id, package_id, type_code, validity_start, validity_end, location_from_name_ar, location_from_name_en, location_to_name_ar, location_to_name_en, ritual_step_code, creation_date, update_date) VALUES (15, 4, N'BUS',GETDATE() + 4, GETDATE() + 7,N'جدة', N'Jeddah', N'مكه', N'Macka', N'FOR_UMRAH',GETDATE(),null);
INSERT INTO shc_portal.shc_portal.shc_package_transportation (id, package_id, type_code, validity_start, validity_end, location_from_name_ar, location_from_name_en, location_to_name_ar, location_to_name_en, ritual_step_code, creation_date, update_date) VALUES (16, 4, N'BUS',GETDATE() + 7, GETDATE() + 11,N'مكه', N'Macka', N'المدينة', N'Madina', N'FOR_MADINA',GETDATE(),null);
INSERT INTO shc_portal.shc_portal.shc_package_transportation (id, package_id, type_code, validity_start, validity_end, location_from_name_ar, location_from_name_en, location_to_name_ar, location_to_name_en, ritual_step_code, creation_date, update_date) VALUES (17, 5, N'AIRPLANE',GETDATE(),GETDATE(),N'الرياض', N'Riyadh', N'جدة', N'Jeddah', N'ARRIVE_TO_KSA',GETDATE(),null);
INSERT INTO shc_portal.shc_portal.shc_package_transportation (id, package_id, type_code, validity_start, validity_end, location_from_name_ar, location_from_name_en, location_to_name_ar, location_to_name_en, ritual_step_code, creation_date, update_date) VALUES (18, 5, N'TRAIN',GETDATE() + 1, GETDATE() + 4,N'جدة', N'Jeddah', N'مكة', N'Makkah', N'HOTEL',GETDATE(),null);
INSERT INTO shc_portal.shc_portal.shc_package_transportation (id, package_id, type_code, validity_start, validity_end, location_from_name_ar, location_from_name_en, location_to_name_ar, location_to_name_en, ritual_step_code, creation_date, update_date) VALUES (19, 5, N'BUS',GETDATE() + 4, GETDATE() + 7,N'جدة', N'Jeddah', N'مكه', N'Macka', N'FOR_UMRAH',GETDATE(),null);
INSERT INTO shc_portal.shc_portal.shc_package_transportation (id, package_id, type_code, validity_start, validity_end, location_from_name_ar, location_from_name_en, location_to_name_ar, location_to_name_en, ritual_step_code, creation_date, update_date) VALUES (20, 5, N'BUS',GETDATE() + 7, GETDATE() + 11,N'مكه', N'Macka', N'المدينة', N'Madina', N'FOR_MADINA',GETDATE(),null);
INSERT INTO shc_portal.shc_portal.shc_package_transportation (id, package_id, type_code, validity_start, validity_end, location_from_name_ar, location_from_name_en, location_to_name_ar, location_to_name_en, ritual_step_code, creation_date, update_date) VALUES (21, 6, N'AIRPLANE', dateadd(yy, -1, getdate()), dateadd(yy, -1, getdate()),N'الرياض', N'Riyadh', N'جدة', N'Jeddah', N'ARRIVE_TO_KSA',GETDATE(),null);
INSERT INTO shc_portal.shc_portal.shc_package_transportation (id, package_id, type_code, validity_start, validity_end, location_from_name_ar, location_from_name_en, location_to_name_ar, location_to_name_en, ritual_step_code, creation_date, update_date) VALUES (22, 6, N'TRAIN', dateadd(yy, -1, getdate() + 1),  dateadd(yy, -1, getdate() + 4),N'جدة', N'Jeddah', N'مكة', N'Makkah', N'HOTEL',GETDATE(),null);
INSERT INTO shc_portal.shc_portal.shc_package_transportation (id, package_id, type_code, validity_start, validity_end, location_from_name_ar, location_from_name_en, location_to_name_ar, location_to_name_en, ritual_step_code, creation_date, update_date) VALUES (23, 6, N'BUS', dateadd(yy, -1, getdate() + 4),  dateadd(yy, -1, getdate() + 7),N'جدة', N'Jeddah', N'مكه', N'Macka', N'FOR_UMRAH',GETDATE(),null);
INSERT INTO shc_portal.shc_portal.shc_package_transportation (id, package_id, type_code, validity_start, validity_end, location_from_name_ar, location_from_name_en, location_to_name_ar, location_to_name_en, ritual_step_code, creation_date, update_date) VALUES (24, 6, N'BUS', dateadd(yy, -1, getdate() + 7),  dateadd(yy, -1, getdate() + 11),N'مكه', N'Macka', N'المدينة', N'Madina', N'FOR_MADINA',GETDATE(),null);
INSERT INTO shc_portal.shc_portal.shc_package_transportation (id, package_id, type_code, validity_start, validity_end, location_from_name_ar, location_from_name_en, location_to_name_ar, location_to_name_en, ritual_step_code, creation_date, update_date) VALUES (25, 7, N'AIRPLANE', dateadd(yy, -1, getdate()), dateadd(yy, -1, getdate()),N'الرياض', N'Riyadh', N'جدة', N'Jeddah', N'ARRIVE_TO_KSA',GETDATE(),null);
INSERT INTO shc_portal.shc_portal.shc_package_transportation (id, package_id, type_code, validity_start, validity_end, location_from_name_ar, location_from_name_en, location_to_name_ar, location_to_name_en, ritual_step_code, creation_date, update_date) VALUES (26, 7, N'TRAIN', dateadd(yy, -1, getdate() + 1),  dateadd(yy, -1, getdate() + 4),N'جدة', N'Jeddah', N'مكة', N'Makkah', N'HOTEL',GETDATE(),null);
INSERT INTO shc_portal.shc_portal.shc_package_transportation (id, package_id, type_code, validity_start, validity_end, location_from_name_ar, location_from_name_en, location_to_name_ar, location_to_name_en, ritual_step_code, creation_date, update_date) VALUES (27, 7, N'BUS', dateadd(yy, -1, getdate() + 4),  dateadd(yy, -1, getdate() + 7),N'جدة', N'Jeddah', N'مكه', N'Macka', N'FOR_UMRAH',GETDATE(),null);
INSERT INTO shc_portal.shc_portal.shc_package_transportation (id, package_id, type_code, validity_start, validity_end, location_from_name_ar, location_from_name_en, location_to_name_ar, location_to_name_en, ritual_step_code, creation_date, update_date) VALUES (28, 7, N'BUS', dateadd(yy, -1, getdate() + 7),  dateadd(yy, -1, getdate() + 11),N'مكه', N'Macka', N'المدينة', N'Madina', N'FOR_MADINA',GETDATE(),null);
INSERT INTO shc_portal.shc_portal.shc_package_transportation (id, package_id, type_code, validity_start, validity_end, location_from_name_ar, location_from_name_en, location_to_name_ar, location_to_name_en, ritual_step_code, creation_date, update_date) VALUES (29, 8, N'AIRPLANE', dateadd(yy, -1, getdate()), dateadd(yy, -1, getdate()),N'الرياض', N'Riyadh', N'جدة', N'Jeddah', N'ARRIVE_TO_KSA',GETDATE(),null);
INSERT INTO shc_portal.shc_portal.shc_package_transportation (id, package_id, type_code, validity_start, validity_end, location_from_name_ar, location_from_name_en, location_to_name_ar, location_to_name_en, ritual_step_code, creation_date, update_date) VALUES (30, 8, N'TRAIN', dateadd(yy, -1, getdate() + 1),  dateadd(yy, -1, getdate() + 4),N'جدة', N'Jeddah', N'مكة', N'Makkah', N'HOTEL',GETDATE(),null);
INSERT INTO shc_portal.shc_portal.shc_package_transportation (id, package_id, type_code, validity_start, validity_end, location_from_name_ar, location_from_name_en, location_to_name_ar, location_to_name_en, ritual_step_code, creation_date, update_date) VALUES (31, 8, N'BUS', dateadd(yy, -1, getdate() + 4),  dateadd(yy, -1, getdate() + 7),N'جدة', N'Jeddah', N'مكه', N'Macka', N'FOR_UMRAH',GETDATE(),null);
INSERT INTO shc_portal.shc_portal.shc_package_transportation (id, package_id, type_code, validity_start, validity_end, location_from_name_ar, location_from_name_en, location_to_name_ar, location_to_name_en, ritual_step_code, creation_date, update_date) VALUES (32, 8, N'BUS', dateadd(yy, -1, getdate() + 7),  dateadd(yy, -1, getdate() + 11),N'مكه', N'Macka', N'المدينة', N'Madina', N'FOR_MADINA',GETDATE(),null);
INSERT INTO shc_portal.shc_portal.shc_package_transportation (id, package_id, type_code, validity_start, validity_end, location_from_name_ar, location_from_name_en, location_to_name_ar, location_to_name_en, ritual_step_code, creation_date, update_date) VALUES (33, 9, N'AIRPLANE', dateadd(yy, -1, getdate()), dateadd(yy, -1, getdate()),N'الرياض', N'Riyadh', N'جدة', N'Jeddah', N'ARRIVE_TO_KSA',GETDATE(),null);
INSERT INTO shc_portal.shc_portal.shc_package_transportation (id, package_id, type_code, validity_start, validity_end, location_from_name_ar, location_from_name_en, location_to_name_ar, location_to_name_en, ritual_step_code, creation_date, update_date) VALUES (34, 9, N'TRAIN', dateadd(yy, -1, getdate() + 1),  dateadd(yy, -1, getdate() + 4),N'جدة', N'Jeddah', N'مكة', N'Makkah', N'HOTEL',GETDATE(),null);
INSERT INTO shc_portal.shc_portal.shc_package_transportation (id, package_id, type_code, validity_start, validity_end, location_from_name_ar, location_from_name_en, location_to_name_ar, location_to_name_en, ritual_step_code, creation_date, update_date) VALUES (35, 9, N'BUS', dateadd(yy, -1, getdate() + 4),  dateadd(yy, -1, getdate() + 7),N'جدة', N'Jeddah', N'مكه', N'Macka', N'FOR_UMRAH',GETDATE(),null);
INSERT INTO shc_portal.shc_portal.shc_package_transportation (id, package_id, type_code, validity_start, validity_end, location_from_name_ar, location_from_name_en, location_to_name_ar, location_to_name_en, ritual_step_code, creation_date, update_date) VALUES (36, 9, N'BUS', dateadd(yy, -1, getdate() + 7),  dateadd(yy, -1, getdate() + 11),N'مكه', N'Macka', N'المدينة', N'Madina', N'FOR_MADINA',GETDATE(),null);
INSERT INTO shc_portal.shc_portal.shc_package_transportation (id, package_id, type_code, validity_start, validity_end, location_from_name_ar, location_from_name_en, location_to_name_ar, location_to_name_en, ritual_step_code, creation_date, update_date) VALUES (37, 10, N'AIRPLANE', dateadd(yy, -1, getdate()), dateadd(yy, -1, getdate()),N'الرياض', N'Riyadh', N'جدة', N'Jeddah', N'ARRIVE_TO_KSA',GETDATE(),null);
INSERT INTO shc_portal.shc_portal.shc_package_transportation (id, package_id, type_code, validity_start, validity_end, location_from_name_ar, location_from_name_en, location_to_name_ar, location_to_name_en, ritual_step_code, creation_date, update_date) VALUES (38, 10, N'TRAIN', dateadd(yy, -1, getdate() + 1),  dateadd(yy, -1, getdate() + 4),N'جدة', N'Jeddah', N'مكة', N'Makkah', N'HOTEL',GETDATE(),null);
INSERT INTO shc_portal.shc_portal.shc_package_transportation (id, package_id, type_code, validity_start, validity_end, location_from_name_ar, location_from_name_en, location_to_name_ar, location_to_name_en, ritual_step_code, creation_date, update_date) VALUES (39, 10, N'BUS', dateadd(yy, -1, getdate() + 4),  dateadd(yy, -1, getdate() + 7),N'جدة', N'Jeddah', N'مكه', N'Macka', N'FOR_UMRAH',GETDATE(),null);
INSERT INTO shc_portal.shc_portal.shc_package_transportation (id, package_id, type_code, validity_start, validity_end, location_from_name_ar, location_from_name_en, location_to_name_ar, location_to_name_en, ritual_step_code, creation_date, update_date) VALUES (40, 10, N'BUS', dateadd(yy, -1, getdate() + 7),  dateadd(yy, -1, getdate() + 11),N'مكه', N'Macka', N'المدينة', N'Madina', N'FOR_MADINA',GETDATE(),null);
SET IDENTITY_INSERT shc_portal.shc_package_transportation OFF;
GO

----------------      shc_package_catering           --------------------------------------
delete from  shc_portal.shc_portal.shc_package_catering where id > 0
    GO
SET IDENTITY_INSERT shc_portal.shc_portal.shc_package_catering ON;
GO
INSERT INTO shc_portal.shc_portal.shc_package_catering (id, package_housing_id, meal_code, meal_time, meal_description, type, description_ar, description_en, is_default, creation_date, update_date) VALUES (1, 1, N'11223', N'06:35:00', N'BREAKFAST', N'BREAKFAST', N'بوفيه مفتوح', N'Open buffet', 1, GETDATE(), null);
INSERT INTO shc_portal.shc_portal.shc_package_catering (id, package_housing_id, meal_code, meal_time, meal_description, type, description_ar, description_en, is_default, creation_date, update_date) VALUES (2, 1, N'11224', N'14:00:00', N'LUNCH', N'LUNCH', N'غداء', N'Open Lunch', 1, GETDATE(), null);
INSERT INTO shc_portal.shc_portal.shc_package_catering (id, package_housing_id, meal_code, meal_time, meal_description, type, description_ar, description_en, is_default, creation_date, update_date) VALUES (3, 1, N'11225', N'23:00:00', N'DINNER', N'DINNER', N'عشاء', N'Open Dinner', 1, GETDATE(), null);
INSERT INTO shc_portal.shc_portal.shc_package_catering (id, package_housing_id, meal_code, meal_time, meal_description, type, description_ar, description_en, is_default, creation_date, update_date) VALUES (4, 4, N'11226', N'06:35:00', N'BREAKFAST', N'BREAKFAST', N'بوفيه مفتوح', N'Open buffet', 1, GETDATE(), null);
INSERT INTO shc_portal.shc_portal.shc_package_catering (id, package_housing_id, meal_code, meal_time, meal_description, type, description_ar, description_en, is_default, creation_date, update_date) VALUES (5, 4, N'11227', N'14:00:00', N'LUNCH', N'LUNCH', N'غداء', N'Open Lunch', 1, GETDATE(), null);
INSERT INTO shc_portal.shc_portal.shc_package_catering (id, package_housing_id, meal_code, meal_time, meal_description, type, description_ar, description_en, is_default, creation_date, update_date) VALUES (6, 4, N'11228', N'23:00:00', N'DINNER', N'DINNER', N'عشاء', N'Open Dinner', 1, GETDATE(), null);
INSERT INTO shc_portal.shc_portal.shc_package_catering (id, package_housing_id, meal_code, meal_time, meal_description, type, description_ar, description_en, is_default, creation_date, update_date) VALUES (7, 7, N'11229', N'06:35:00', N'BREAKFAST', N'BREAKFAST', N'بوفيه مفتوح', N'Open buffet', 1, GETDATE(), null);
INSERT INTO shc_portal.shc_portal.shc_package_catering (id, package_housing_id, meal_code, meal_time, meal_description, type, description_ar, description_en, is_default, creation_date, update_date) VALUES (8, 7, N'11230', N'14:00:00', N'LUNCH', N'LUNCH', N'غداء', N'Open Lunch', 1, GETDATE(), null);
INSERT INTO shc_portal.shc_portal.shc_package_catering (id, package_housing_id, meal_code, meal_time, meal_description, type, description_ar, description_en, is_default, creation_date, update_date) VALUES (9, 7, N'11231', N'23:00:00', N'DINNER', N'DINNER', N'عشاء', N'Open Dinner', 1, GETDATE(), null);
INSERT INTO shc_portal.shc_portal.shc_package_catering (id, package_housing_id, meal_code, meal_time, meal_description, type, description_ar, description_en, is_default, creation_date, update_date) VALUES (10, 10, N'11232', N'06:35:00', N'BREAKFAST', N'BREAKFAST', N'بوفيه مفتوح', N'Open buffet', 1, GETDATE(), null);
INSERT INTO shc_portal.shc_portal.shc_package_catering (id, package_housing_id, meal_code, meal_time, meal_description, type, description_ar, description_en, is_default, creation_date, update_date) VALUES (11, 10, N'11233', N'14:00:00', N'LUNCH', N'LUNCH', N'غداء', N'Open Lunch', 1, GETDATE(), null);
INSERT INTO shc_portal.shc_portal.shc_package_catering (id, package_housing_id, meal_code, meal_time, meal_description, type, description_ar, description_en, is_default, creation_date, update_date) VALUES (12, 10, N'11234', N'23:00:00', N'DINNER', N'DINNER', N'عشاء', N'Open Dinner', 1, GETDATE(), null);
INSERT INTO shc_portal.shc_portal.shc_package_catering (id, package_housing_id, meal_code, meal_time, meal_description, type, description_ar, description_en, is_default, creation_date, update_date) VALUES (13, 13, N'11235', N'06:35:00', N'BREAKFAST', N'BREAKFAST', N'بوفيه مفتوح', N'Open buffet', 1, GETDATE(), null);
INSERT INTO shc_portal.shc_portal.shc_package_catering (id, package_housing_id, meal_code, meal_time, meal_description, type, description_ar, description_en, is_default, creation_date, update_date) VALUES (14, 13, N'11236', N'14:00:00', N'LUNCH', N'LUNCH', N'غداء', N'Open Lunch', 1, GETDATE(), null);
INSERT INTO shc_portal.shc_portal.shc_package_catering (id, package_housing_id, meal_code, meal_time, meal_description, type, description_ar, description_en, is_default, creation_date, update_date) VALUES (15, 13, N'11237', N'23:00:00', N'DINNER', N'DINNER', N'عشاء', N'Open Dinner', 1, GETDATE(), null);
INSERT INTO shc_portal.shc_portal.shc_package_catering (id, package_housing_id, meal_code, meal_time, meal_description, type, description_ar, description_en, is_default, creation_date, update_date) VALUES (16, 16, N'11238', N'06:35:00', N'BREAKFAST', N'BREAKFAST', N'بوفيه مفتوح', N'Open buffet', 1, dateadd(yy, -1, GETDATE()), null);
INSERT INTO shc_portal.shc_portal.shc_package_catering (id, package_housing_id, meal_code, meal_time, meal_description, type, description_ar, description_en, is_default, creation_date, update_date) VALUES (17, 16, N'11239', N'14:00:00', N'LUNCH', N'LUNCH', N'غداء', N'Open Lunch', 1, dateadd(yy, -1, GETDATE()), null);
INSERT INTO shc_portal.shc_portal.shc_package_catering (id, package_housing_id, meal_code, meal_time, meal_description, type, description_ar, description_en, is_default, creation_date, update_date) VALUES (18, 16, N'11240', N'23:00:00', N'DINNER', N'DINNER', N'عشاء', N'Open Dinner', 1, dateadd(yy, -1, GETDATE()), null);
INSERT INTO shc_portal.shc_portal.shc_package_catering (id, package_housing_id, meal_code, meal_time, meal_description, type, description_ar, description_en, is_default, creation_date, update_date) VALUES (19, 19, N'11241', N'06:35:00', N'BREAKFAST', N'BREAKFAST', N'بوفيه مفتوح', N'Open buffet', 1, dateadd(yy, -1, GETDATE()), null);
INSERT INTO shc_portal.shc_portal.shc_package_catering (id, package_housing_id, meal_code, meal_time, meal_description, type, description_ar, description_en, is_default, creation_date, update_date) VALUES (20, 19, N'11242', N'14:00:00', N'LUNCH', N'LUNCH', N'غداء', N'Open Lunch', 1, dateadd(yy, -1, GETDATE()), null);
INSERT INTO shc_portal.shc_portal.shc_package_catering (id, package_housing_id, meal_code, meal_time, meal_description, type, description_ar, description_en, is_default, creation_date, update_date) VALUES (21, 19, N'11243', N'23:00:00', N'DINNER', N'DINNER', N'عشاء', N'Open Dinner', 1, dateadd(yy, -1, GETDATE()), null);
INSERT INTO shc_portal.shc_portal.shc_package_catering (id, package_housing_id, meal_code, meal_time, meal_description, type, description_ar, description_en, is_default, creation_date, update_date) VALUES (22, 22, N'11244', N'06:35:00', N'BREAKFAST', N'BREAKFAST', N'بوفيه مفتوح', N'Open buffet', 1, dateadd(yy, -1, GETDATE()), null);
INSERT INTO shc_portal.shc_portal.shc_package_catering (id, package_housing_id, meal_code, meal_time, meal_description, type, description_ar, description_en, is_default, creation_date, update_date) VALUES (23, 22, N'11245', N'14:00:00', N'LUNCH', N'LUNCH', N'غداء', N'Open Lunch', 1, dateadd(yy, -1, GETDATE()), null);
INSERT INTO shc_portal.shc_portal.shc_package_catering (id, package_housing_id, meal_code, meal_time, meal_description, type, description_ar, description_en, is_default, creation_date, update_date) VALUES (24, 22, N'11246', N'23:00:00', N'DINNER', N'DINNER', N'عشاء', N'Open Dinner', 1, dateadd(yy, -1, GETDATE()), null);
INSERT INTO shc_portal.shc_portal.shc_package_catering (id, package_housing_id, meal_code, meal_time, meal_description, type, description_ar, description_en, is_default, creation_date, update_date) VALUES (25, 25, N'11247', N'06:35:00', N'BREAKFAST', N'BREAKFAST', N'بوفيه مفتوح', N'Open buffet', 1, dateadd(yy, -1, GETDATE()), null);
INSERT INTO shc_portal.shc_portal.shc_package_catering (id, package_housing_id, meal_code, meal_time, meal_description, type, description_ar, description_en, is_default, creation_date, update_date) VALUES (26, 25, N'11248', N'14:00:00', N'LUNCH', N'LUNCH', N'غداء', N'Open Lunch', 1, dateadd(yy, -1, GETDATE()), null);
INSERT INTO shc_portal.shc_portal.shc_package_catering (id, package_housing_id, meal_code, meal_time, meal_description, type, description_ar, description_en, is_default, creation_date, update_date) VALUES (27, 25, N'11249', N'23:00:00', N'DINNER', N'DINNER', N'عشاء', N'Open Dinner', 1, dateadd(yy, -1, GETDATE()), null);
INSERT INTO shc_portal.shc_portal.shc_package_catering (id, package_housing_id, meal_code, meal_time, meal_description, type, description_ar, description_en, is_default, creation_date, update_date) VALUES (28, 28, N'11250', N'06:35:00', N'BREAKFAST', N'BREAKFAST', N'بوفيه مفتوح', N'Open buffet', 1, dateadd(yy, -1, GETDATE()), null);
INSERT INTO shc_portal.shc_portal.shc_package_catering (id, package_housing_id, meal_code, meal_time, meal_description, type, description_ar, description_en, is_default, creation_date, update_date) VALUES (29, 28, N'11251', N'14:00:00', N'LUNCH', N'LUNCH', N'غداء', N'Open Lunch', 1, dateadd(yy, -1, GETDATE()), null);
INSERT INTO shc_portal.shc_portal.shc_package_catering (id, package_housing_id, meal_code, meal_time, meal_description, type, description_ar, description_en, is_default, creation_date, update_date) VALUES (30, 28, N'11252', N'23:00:00', N'DINNER', N'DINNER', N'عشاء', N'Open Dinner', 1, dateadd(yy, -1, GETDATE()), null);
SET IDENTITY_INSERT shc_portal.shc_portal.shc_package_catering OFF;
GO

INSERT INTO shc_portal.shc_religious_occasions_day_lk (code,lang,label)
VALUES ('09_05','en','First days of Tashriq');
INSERT INTO shc_portal.shc_religious_occasions_day_lk (code,lang,label)
VALUES ('09_05','ar',N'اول ايام التشريق');
INSERT INTO shc_portal.shc_religious_occasions_day_lk (code ,lang,label)
VALUES  ('09_06'  ,'en'  ,'Second days of Tashriq' )
INSERT INTO shc_portal.shc_religious_occasions_day_lk (code ,lang,label)
VALUES  ('09_06'  ,'ar'  , N'ثاني ايام التشريق' )
INSERT INTO shc_portal.shc_religious_occasions_day_lk (code ,lang,label)
VALUES  ('09_07'  ,'en'  ,'Third days of Tashriq' )
INSERT INTO shc_portal.shc_religious_occasions_day_lk (code ,lang,label)
VALUES  ('09_07'  ,'ar'  ,N'ثالث ايام التشريق' )
GO
